Season,Title,Airdate,Rating,Vote_count,Description
1,Los Simpson asándose sobre un fuego abierto,17 dic. 1989,8.2,5633,"La familia se ve obligada a gastar todos sus ahorros para quitarle a Bart su nuevo tatuaje y, sin dinero para Navidad, Homer debe trabajar como Santa Claus en una tienda."
1,"Bart, el genio",14 ene. 1990,7.7,3580,Bart termina en una escuela para niños superdotados después de hacer trampa en una prueba de coeficiente intelectual.
1,La odisea de Homer,21 ene. 1990,7.4,3145,"Después de perder su trabajo, Homer contempla acabar con todo, hasta que descubre un nuevo rumbo en la vida como defensor de la seguridad."
1,No hay desgracia como el hogar,28 ene. 1990,7.7,3087,"Después de que el resto de la familia lo avergüenza en un picnic de la empresa, Homer se obsesiona con mejorar la forma en que se comportan entre ellos."
1,"Bart, el general",4 feb. 1990,8.0,3130,"Después de que Nelson Muntz lo golpea una vez de más, Bart recurre al Abuelo en busca de ayuda y pronto lidera una rebelión contra el abusón de la escuela."
1,"Lisa, la triste",11 feb. 1990,7.6,3015,"El ánimo de una Lisa deprimida mejora cuando conoce a un músico de jazz, Encías Sangrantes Murphy."
1,La llamada de los Simpson,18 feb. 1990,7.8,2903,"Homer lleva a la familia de campamento, pero pronto todo se convierte en una desventura cuando pierden su equipo y confunden a Homer con Pie Grande."
1,La cabeza delator,25 feb. 1990,7.7,2827,Bart se mete en más problemas de los que esperaba cuando corta la cabeza de una estatua del fundador del pueblo.
1,La vida en el carril rápido,18 mar. 1990,7.5,2809,Marge contempla tener una aventura con un atractivo instructor de bolos.
1,La noche de Homer,25 mar. 1990,7.4,2715,"Después de que una foto de Homer coqueteando con una bailarina exótica se difunde por Springfield, Marge lo echa de la casa."
1,Los crêpes de la ira,15 abr. 1990,7.8,2746,"Bart es enviado a Francia en un programa de intercambio estudiantil, donde lo tratan como a un esclavo; un estudiante albanés ocupa el lugar de Bart en la familia."
1,Krusty es arrestado,29 abr. 1990,8.4,2998,"Homer presencia un robo en el Kwik-E-Mart, cuyo culpable parece ser un hombre vestido como el héroe de Bart, Krusty el Payaso. Pero ¿hay algo más detrás de lo que se ve?"
1,Una noche encantadora,13 may. 1990,7.8,2752,"Homer y Marge disfrutan de una noche fuera, dejando a los niños con una niñera diabólica que guarda un secreto sorprendente."
2,Bart reprueba,11 oct. 1990,8.2,2983,"La señora Krabappel, harta de la actitud despreocupada de Bart hacia sus estudios, le da un ultimátum: mejorar o repetir cuarto grado."
2,Simpson y Dalila,18 oct. 1990,8.2,2835,Homer miente en un formulario del seguro médico para obtener un medicamento milagroso que restaura el cabello.
2,La casita del horror,25 oct. 1990,8.3,3161,"Los Simpson se mudan a una casa maldita, luego son secuestrados por extraterrestres y, finalmente, Homer queda atrapado en un relato de Edgar Allan Poe."
2,Dos autos en cada garaje y tres ojos en cada pez,1 nov. 1990,8.1,2596,"Después de que la planta nuclear recibe mala publicidad y queda amenazada con el cierre, el señor Burns decide postularse a gobernador para tener poder sobre la ley."
2,Homer bailarín,8 nov. 1990,7.5,2509,"Las burlas de Homer al equipo de béisbol Isótopos de Springfield durante un partido terminan, sin querer, convirtiéndolo en la nueva mascota del equipo."
2,La sociedad de los golfistas muertos,15 nov. 1990,8.0,2437,"En un intento por superar a Ned Flanders, Homer enfrenta a Bart con Todd, el hijo de Ned, en una competencia de minigolf."
2,Bart contra el Día de Acción de Gracias,22 nov. 1990,7.8,2405,"En el Día de Acción de Gracias, Bart huye de casa después de pelear con Lisa."
2,"Bart, el temerario",6 dic. 1990,8.4,2653,"Después de ver a un motociclista acróbata en un espectáculo de monster trucks, Bart se convierte en un temerario patinador dispuesto a desafiar a la muerte."
2,"Tomy, Daly y Marge",20 dic. 1990,8.1,2480,Marge inicia una cruzada contra la violencia en los dibujos animados después de ver El show de Tomy y Daly.
2,Bart es atropellado,10 ene. 1991,7.8,2380,"Mientras anda en patineta por la calle, Bart es atropellado por un auto conducido por el señor Burns. Homer rechaza la oferta simbólica de 100 dólares de Burns y contrata al abogado oportunista Lionel Hutz para presentar una demanda exorbitante contra el millonario."
2,"Un pez, dos peces, pez globo, pez azul",24 ene. 1991,8.8,2934,"Después de aparentemente comer un pez globo venenoso, le dicen a Homer que solo le quedan 24 horas de vida."
2,Así éramos,31 ene. 1991,8.3,2483,Homer y Marge cuentan la historia de cómo se conocieron y se enamoraron en la escuela secundaria.
2,Homer contra Lisa y el octavo mandamiento,7 feb. 1991,8.0,2339,"Homer consigue que un instalador de cable deshonesto conecte televisión por cable gratis en la casa de los Simpson y, como resultado, Lisa enfrenta un dilema ético por el robo de su familia."
2,Director encantador,14 feb. 1991,7.5,2254,"Homer intenta emparejar a Selma con el director Skinner, pero él termina enamorándose de Patty."
2,"Oh, hermano, ¿dónde estás?",21 feb. 1991,8.3,2481,"Después de que el Abuelo es hospitalizado, revela que Homer tiene un medio hermano y la familia sale a buscarlo."
2,El perro de Bart reprueba,7 mar. 1991,7.5,2235,"Después de que el incontrolable Ayudante de Santa destruye varias pertenencias importantes de los Simpson, Homer anuncia que lo echará de la casa si no completa un entrenamiento de obediencia."
2,Dinero viejo,28 mar. 1991,7.6,2186,"Después de que la nueva novia del Abuelo muere y le deja 106.000 dólares en su testamento, él intenta decidir qué hacer con el dinero."
2,Pinceladas de grandeza,11 abr. 1991,8.0,2229,"Después de quedar atrapado en un tobogán acuático, Homer decide hacer dieta, mientras Marge se inscribe en una clase de arte y pronto recibe el encargo de pintar un retrato del señor Burns."
2,La sustituta de Lisa,25 abr. 1991,8.6,2855,Lisa se enamora de su maestro suplente; Bart decide postularse como presidente de la clase.
2,La guerra de los Simpson,2 may. 1991,7.9,2188,"Homer debe decidir qué es más importante: completar una terapia para salvar su matrimonio o escaparse para pescar un legendario bagre. Mientras tanto, en casa, Bart y Lisa aprovechan que el Abuelo desconoce las reglas del hogar."
2,Tres hombres y una historieta,9 may. 1991,8.3,2401,"Bart, Milhouse y Martin aportan dinero para comprar una costosa historieta, que pronto tiene un efecto desastroso en su amistad."
2,Enemistad de sangre,11 jul. 1991,7.9,2154,Bart salva la vida del señor Burns. Pero Homer se enfurece cuando Burns no devuelve el favor enviando a los Simpson lo que él considera un regalo de agradecimiento apropiado.
3,Papá está loco,19 sep. 1991,8.6,3084,Homer termina accidentalmente en un hospital psiquiátrico y comparte habitación con un hombre blanco que cree ser Michael Jackson.
3,El señor Lisa va a Washington,26 sep. 1991,7.8,2276,"Después de ganar un concurso de ensayos políticos, Lisa es invitada a Washington D. C., pero pronto se desilusiona al descubrir cómo funciona realmente la elaboración de políticas."
3,Cuando Flanders fracasó,3 oct. 1991,8.2,2345,"Después de desear que el negocio de Flanders fracase, Homer descubre que su vecino está realmente al borde de la bancarrota y decide ayudarlo."
3,"Bart, el asesino",10 oct. 1991,8.6,2574,"Después de tener un día horrible, Bart consigue trabajo atendiendo un bar para un grupo de mafiosos y se convierte en el principal sospechoso cuando el director Skinner desaparece misteriosamente."
3,Homer definido,17 oct. 1991,8.5,2449,"Homer se convierte en héroe después de evitar una fusión nuclear que él mismo casi provoca, pero no quiere contarle a nadie que la detuvo completamente por accidente."
3,"De tal padre, tal payaso",24 oct. 1991,7.7,2202,Bart y Lisa intentan reunir a Krusty el Payaso con su padre.
3,La casita del horror II,31 oct. 1991,8.3,2431,"La familia Simpson recibe una pata de mono cercenada capaz de conceder deseos; Bart obtiene poderes mágicos y los usa para convertir a Homer en una caja sorpresa, y el señor Burns utiliza el cerebro de Homer para crear un robot."
3,El poni de Lisa,7 nov. 1991,7.9,2138,Homer le compra a Lisa un poni que la familia apenas puede permitirse.
3,Sábados de trueno,14 nov. 1991,7.9,2116,"Después de que Homer reprueba una prueba sobre paternidad, decide ayudar a Bart a construir su auto para una carrera de carritos."
3,El flameado de Moe,21 nov. 1991,8.8,2772,"Moe se atribuye como propia una bebida inventada por Homer; el trago convierte el bar en un lugar de moda, pero amenaza su amistad con Homer."
3,Burns vende la planta,5 dic. 1991,8.3,2231,Burns decide jubilarse y vende la planta nuclear a un consorcio alemán por un precio exorbitante. La pereza e ineficiencia de Homer quedan rápidamente expuestas ante sus nuevos jefes y lo despiden.
3,Me casé con Marge,26 dic. 1991,8.3,2129,"Mientras Marge va al médico para hacerse una prueba de embarazo, Homer les cuenta a los niños los acontecimientos que condujeron a su matrimonio y al nacimiento de Bart."
3,Radio Bart,9 ene. 1992,8.5,2360,"Después de recibir un micrófono capaz de transmitir por radios, Bart decide hacer una serie de bromas y finalmente convence al pueblo de que un niño cayó a un pozo."
3,"Lisa, la griega",23 ene. 1992,8.0,2035,Homer utiliza a Lisa y su capacidad para predecir resultados para ayudarlo a apostar en partidos de fútbol americano.
3,Homer solo,6 feb. 1992,8.1,2051,"Mientras Marge pasa un par de días en Rancho Relaxo después de sufrir una crisis, Bart y Lisa se quedan con Patty y Selma, y Homer permanece en casa cuidando a Maggie."
3,"Bart, el amante",13 feb. 1992,8.3,2233,"Después de que la señora Krabappel le da a Bart un mes de castigo, él se venga respondiendo a su anuncio de contactos personales en el periódico. Mientras tanto, Marge sugiere que Homer empiece un frasco de multas por insultos para dejar de decir malas palabras."
3,Homer al bate,20 feb. 1992,8.7,2716,"Homer y sus compañeros de trabajo clasifican a la final de la liga de sóftbol de la planta, pero el señor Burns contrata a nueve jugadores profesionales de las Grandes Ligas para ganar una apuesta de un millón de dólares."
3,Vocaciones separadas,27 feb. 1992,8.2,2070,"Los resultados de una prueba estandarizada orientan a Bart hacia el orden y la disciplina en la Escuela Primaria de Springfield. Sin embargo, Lisa queda tan deprimida por sus resultados que se vuelca a la delincuencia juvenil."
3,El perro de la muerte,12 mar. 1992,7.8,1998,"Los Simpson terminan lamentando haber pagado una costosa cirugía para Ayudante de Santa. Luego el perro huye de casa, acaba en el refugio de animales y es adoptado por el señor Burns para convertirse en perro de ataque."
3,Coronel Homer,26 mar. 1992,8.0,2148,"Homer se convierte en representante de una hermosa joven cantante de country y descubre que casi se siente atraído por ella, despertando los celos de Marge."
3,El viudo negro,9 abr. 1992,8.3,2143,Bob Patiño sale de la cárcel y planea vengarse de Bart casándose con su tía Selma para luego matarla.
3,El show de Otto,23 abr. 1992,7.7,2036,"Después de que Otto pierde su trabajo como conductor del autobús escolar porque no tiene licencia, Bart convence a Homer y Marge de dejarlo quedarse con ellos hasta que vuelva a estabilizarse."
3,El amigo de Bart se enamora,7 may. 1992,7.8,2005,"Milhouse se enamora de Samantha, una nueva alumna transferida, y Bart se pone celoso por todo el tiempo que pasan juntos. Mientras tanto, Homer pide una cinta subliminal para bajar de peso, pero por error recibe una para mejorar el vocabulario."
3,"Hermano, ¿puedes prestarme dos monedas?",27 ago. 1992,8.3,2104,"Después de que Homer «gana» una indemnización de 2.000 dólares de la planta porque la radiación afectó su conteo de espermatozoides, su hermano Herb llega a Springfield con una idea que podría ayudarlo a recuperar su fortuna."
4,Campamento Krusty,24 sep. 1992,8.5,2475,"Bart y Lisa asisten al «Campamento Krusty», pero no se parece en nada a lo que imaginaban; mientras los niños están fuera, a Homer le vuelve a crecer el cabello y pierde peso."
4,Un tranvía llamado Marge,1 oct. 1992,8.2,2303,"Marge protagoniza una adaptación musical de Un tranvía llamado Deseo, pero se enfurece por la falta de interés de Homer; Maggie se enfrenta a la estricta encargada de su nueva guardería."
4,"Homer, el hereje",8 oct. 1992,9.0,2970,"Después de faltar a la iglesia una semana, Homer decide no volver nunca. Sin embargo, cuando ocurre una desgracia, hace falta el esfuerzo conjunto de varias personas de distintas religiones para salvarlo."
4,"Lisa, la reina de belleza",15 oct. 1992,7.8,2093,Lisa participa en el concurso de Pequeña Miss Springfield.
4,La casita del horror III,29 oct. 1992,8.5,2412,Un muñeco malvado de Krusty el Payaso intenta matar a Homer; Marge es capturada por un simio gigante que se enamora de ella; Bart resucita accidentalmente a los muertos.
4,Tomy y Daly: La película,3 nov. 1992,8.2,2208,"Como Bart se mete constantemente en problemas, Homer le prohíbe ver la nueva película de Tomy y Daly."
4,Marge consigue trabajo,5 nov. 1992,7.8,2006,"Cuando Marge consigue trabajo en la planta nuclear, el señor Burns se enamora de ella."
4,El chico nuevo del barrio,12 nov. 1992,8.2,2176,"Bart se enamora de su nueva vecina, solo para descubrir que ella está saliendo con Jimbo Jones; Homer demanda a un restaurante de comida libre después de que lo expulsan."
4,Señor Quitanieves,19 nov. 1992,8.9,2766,"Homer abre un negocio de quitanieves, pero su mejor amigo Barney inaugura uno rival, con comerciales protagonizados por Linda Ronstadt. Homer envía a Barney hacia una avalancha, luego se siente culpable y le salva la vida."
4,La primera palabra de Lisa,3 dic. 1992,8.7,2353,"Mientras intentan lograr que Maggie diga su primera palabra, Homer y Marge recuerdan cómo Lisa pronunció la suya."
4,El triple bypass de Homer,17 dic. 1992,8.7,2406,"Años de malos hábitos alimenticios alcanzan a Homer cuando sufre un infarto masivo, pero la familia no puede pagar la operación de triple bypass que necesita."
4,Marge contra el monorriel,14 ene. 1993,9.1,3389,"Después de recibir una importante suma de dinero, Springfield construye un sistema de monorriel con Homer como conductor, sin saber que acaban de subirse a un tren de ida al infierno."
4,La elección de Selma,21 ene. 1993,8.0,2039,"Selma empieza a sentir deseos de ser madre, pero después de llevar a Bart y Lisa a Duff Gardens cambia de opinión."
4,Hermano del mismo planeta,4 feb. 1993,8.2,2053,"Cuando Bart se cansa de las pésimas habilidades paternales de Homer, se inscribe en el programa «Hermano Mayor», donde le asignan un fantástico modelo a seguir."
4,Amo a Lisa,11 feb. 1993,8.4,2219,Lisa le da a Ralph una tarjeta de San Valentín por lástima y luego se arrepiente cuando él se enamora de ella. Asisten al show del 29.º aniversario de Krusty y actúan juntos en el espectáculo del Día de los Presidentes.
4,Sin Duff,18 feb. 1993,8.4,2095,"Después de que Homer es arrestado por conducir bajo los efectos del alcohol y pierde su licencia, enfrenta la prueba definitiva cuando Marge lo presiona para que deje la cerveza durante un mes."
4,Última salida a Springfield,11 mar. 1993,9.1,3098,Homer se convierte en líder sindical y encabeza una huelga cuando el señor Burns elimina el plan dental de la empresa.
4,Así que hemos llegado a esto: un episodio recopilatorio de Los Simpson,1 abr. 1993,7.1,1916,La broma del Día de los Inocentes de Bart provoca una enorme explosión que hiere gravemente al patriarca de los Simpson.
4,La fachada,15 abr. 1993,8.1,1933,Bart y Lisa deciden escribir sus propios episodios de «Tomy y Daly» después de empezar a aburrirse de los guiones actuales.
4,El Día del Garrote,29 abr. 1993,8.1,2116,"Marge intenta educar a Bart en casa después de que lo expulsan de la Escuela Primaria de Springfield. Mientras tanto, Lisa protesta contra una bárbara festividad local centrada en matar serpientes a garrotazos."
4,Marge encadenada,6 may. 1993,7.8,1890,"Un malentendido lleva a Marge a prisión por hurto, y su ausencia pronto sume primero a la familia y luego a todo el pueblo en el caos."
4,Krusty es cancelado,13 may. 1993,8.2,2123,"Una enorme campaña publicitaria anuncia la llegada de algo llamado «Gabbo». Finalmente se revela que Gabbo es un muñeco al estilo de Howdy Doody, cuyo éxito sensacional provoca la cancelación del programa de Krusty el Payaso."
5,El cuarteto de barbería de Homer,30 sep. 1993,8.5,2491,"Después de que los niños encuentran un disco con la foto de Homer, él recuerda cómo alcanzó la fama en los años 80 con su cuarteto de barbería, Los Borbotones."
5,El cabo del miedo,7 oct. 1993,9.2,3555,"Tras salir de prisión en libertad condicional, Bob Patiño planea asesinar a Bart."
5,Homer va a la universidad,14 oct. 1993,8.6,2498,"Cuando una inspección sorpresa de la planta nuclear revela que Homer no está capacitado para su trabajo, se ve obligado a ir a la universidad."
5,Rosebud,21 oct. 1993,8.9,2526,"Después de que su fiesta de cumpleaños sale mal, el señor Burns empieza a añorar un juguete de su infancia, un osito de peluche llamado Bobo; Homer descubre que Maggie tiene el muñeco."
5,La casita del horror IV,28 oct. 1993,8.8,2530,Homer vende su alma al Diablo por una dona; Bart se enfrenta a un gremlin que viaja en el costado del autobús escolar y que solo él puede ver; y la familia descubre que el señor Burns es un vampiro.
5,Marge a la fuga,4 nov. 1993,8.1,1983,Una salida de chicas se convierte en una persecución a gran velocidad cuando Marge descubre que su amiga conduce un auto robado.
5,El niño interior de Bart,11 nov. 1993,7.7,1872,"Brad Goodman, un gurú de la autoayuda, anima a Springfield a comportarse más como Bart, con resultados desastrosos."
5,Boy Scoutz 'n the Hood,18 nov. 1993,8.7,2238,"Después de unirse a los Jóvenes Campistas mientras está eufórico por el azúcar, Bart invita de mala gana a Homer a acompañarlo en el viaje anual de rafting de padres e hijos del grupo, que pronto sale mal."
5,La última tentación de Homer,9 dic. 1993,8.5,2235,El matrimonio de Homer corre peligro cuando se siente atraído por una nueva compañera de trabajo.
5,$pringfield (o cómo aprendí a dejar de preocuparme y amar el juego legalizado),16 dic. 1993,8.6,2242,"El señor Burns construye un casino cuando Springfield decide legalizar el juego, y Marge se vuelve adicta a las máquinas tragamonedas."
5,"Homer, el vigilante",6 ene. 1994,8.3,2053,Una ola de robos inspira a Homer a liderar un grupo de vigilantes.
5,Bart se hace famoso,3 feb. 1994,8.2,1957,Bart se convierte de la noche a la mañana en una sensación como el chico de «Yo no fui» en el programa de Krusty el Payaso.
5,Homer y Apu,10 feb. 1994,8.3,2017,Apu se muda con los Simpson después de perder su trabajo cuando Homer enferma por comida contaminada; James Woods se hace cargo del Kwik-E-Mart.
5,Lisa contra Stacy Malibu,17 feb. 1994,8.2,2014,Lisa lidera una protesta contra una muñeca parlante que considera sexista.
5,Homer en el espacio profundo,24 feb. 1994,8.9,2570,"En un intento por mejorar los pésimos índices de audiencia televisiva de sus lanzamientos espaciales, la NASA decide enviar al espacio a un hombre común, y Homer es elegido para la misión."
5,Homer ama a Flanders,17 mar. 1994,8.5,2068,"Después de que Flanders invita a Homer a un partido de fútbol americano, ambos se hacen amigos, pero la actitud posesiva y grosera de Homer hace que Ned poco a poco se vuelva contra él."
5,Bart consigue un elefante,31 mar. 1994,7.9,1950,"Después de ganar un elefante como premio por llamar a una estación de radio, Bart descubre que cuidarlo es demasiado costoso y Homer decide venderlo."
5,El heredero de Burns,14 abr. 1994,8.4,1957,"Después de estar cerca de la muerte, el señor Burns decide que es hora de encontrar un heredero para su imperio y elige a Bart por su naturaleza verdaderamente retorcida."
5,La canción maldita de Seymour Skinner,28 abr. 1994,8.4,2004,"Bart provoca accidentalmente que despidan al director Skinner el día de una inspección, y Ned Flanders ocupa su lugar como reemplazo."
5,El niño que sabía demasiado,5 may. 1994,8.3,1915,"Bart presencia la supuesta agresión al camarero por parte del sobrino del alcalde Quimby, pero contar lo que vio significaría admitir que faltó a clase y afrontar las consecuencias."
5,El amante de la señora Bouvier,12 may. 1994,7.6,1748,"El Abuelo se enamora de la madre de Marge, pero debe competir con el señor Burns por su amor."
5,Secretos de un matrimonio exitoso,19 may. 1994,8.1,1826,"Homer comienza a dar una clase sobre cómo tener un matrimonio exitoso, pero pone en peligro el suyo al revelar secretos sobre él y Marge."
6,Bart de la oscuridad,4 sep. 1994,8.7,2342,"Después de romperse una pierna y quedar confinado a su habitación, Bart empieza a espiar a los vecinos con su telescopio y sospecha que Ned asesinó a Maude."
6,La rival de Lisa,11 sep. 1994,8.1,2019,"Lisa se pone celosa cuando una nueva compañera de clase resulta ser más inteligente que ella. Mientras tanto, Homer consigue una enorme cantidad de azúcar."
6,Otro episodio recopilatorio de Los Simpson,25 sep. 1994,5.9,1825,La familia recuerda historias pasadas de amores perdidos.
6,La Tierra de Tomy y Daly,2 oct. 1994,8.6,2236,Las vacaciones familiares en la Tierra de Tomy y Daly se vuelven desastrosas cuando los robots fallan y atacan a los turistas.
6,Bob Patiño Roberts,9 oct. 1994,8.3,1961,"Bob Patiño sale de prisión y se postula para alcalde de Springfield. Cuando gana las elecciones, Bart y Lisa sospechan que hubo fraude y están decididos a exponer la corrupción de Bob."
6,La casita del horror V,30 oct. 1994,9.2,3082,El trabajo de la familia en la finca campestre del señor Burns sale mal cuando Homer enloquece; el intento de Homer de reparar una tostadora provoca un viaje accidental en el tiempo; y el personal de la escuela se vuelve caníbal.
6,La novia de Bart,6 nov. 1994,8.1,1982,Bart se enamora de la hija del reverendo Alegría y se sorprende cuando ella termina siendo una mala influencia para él.
6,Lisa sobre hielo,13 nov. 1994,8.6,2155,"Homer le presta toda su atención a Bart porque es la estrella de su equipo de hockey, lo que pone celosa a Lisa. Pero cuando un equipo rival descubre que ella es una excelente arquera, Bart de repente tiene una competidora por la atención de Homer."
6,"Homer, el malo",27 nov. 1994,9.0,2779,"Después de una serie de malentendidos, Homer es señalado como un pervertido y debe intentar limpiar su nombre."
6,El Abuelo contra la insuficiencia sexual,4 dic. 1994,8.1,1846,Homer y Abe salen de viaje para vender el afrodisíaco milagroso de Abe.
6,Miedo a volar,18 dic. 1994,7.8,1882,Marge empieza terapia para superar su traumático miedo a volar.
6,Homer el Grande,8 ene. 1995,9.0,2557,Homer se convierte en miembro de una misteriosa organización llamada los Canteros y es proclamado «el elegido».
6,Y Maggie hace tres,22 ene. 1995,8.8,2341,Homer relata la historia del nacimiento de Maggie cuando los niños preguntan por qué no hay fotos de ella en el álbum familiar.
6,El cometa de Bart,5 feb. 1995,8.7,2098,Bart descubre un cometa que se dirige directamente hacia Springfield.
6,Homie el payaso,12 feb. 1995,8.6,2151,"Homer se convierte en suplente de Krusty el Payaso, pero la mafia de Springfield lo confunde con el verdadero Krusty."
6,Bart contra Australia,19 feb. 1995,8.5,2278,"Después de hacer una llamada por cobro revertido a Australia y negarse a pagarla, Bart provoca un incidente internacional y los Simpson se ven obligados a viajar al país para reparar las relaciones diplomáticas."
6,Homer contra Patty y Selma,26 feb. 1995,7.9,1765,"Desesperado por conseguir dinero, Homer pide un préstamo a Patty y Selma; Bart descubre un talento natural para el ballet."
6,Una estrella es Burns,5 mar. 1995,8.6,2129,"Los habitantes de Springfield organizan su propio festival de cine, al que llega un popular crítico cinematográfico de Nueva York para actuar como jurado."
6,La boda de Lisa,19 mar. 1995,8.3,2053,Una adivina le muestra a Lisa cómo será su boda en el año 2010.
6,Dos docenas y un galgo,9 abr. 1995,8.2,1830,"La nueva pareja de Ayudante de Santa tiene cachorros, y el señor Burns conspira para robárselos y hacer un abrigo con ellos."
6,La asociación de padres y maestros se disuelve,16 abr. 1995,8.1,1775,Marge reemplaza a la señora Krabappel durante una huelga de docentes.
6,Por Springfield,30 abr. 1995,8.2,1894,"Cuando Bart es hospitalizado, Lisa se encuentra con su héroe, Encías Sangrantes Murphy, quien también es paciente. Sin embargo, cuando él muere poco después, Lisa queda devastada."
6,La conexión Springfield,7 may. 1995,8.2,1802,Marge se enfrenta a la corrupción y al crimen cuando se incorpora a la policía de Springfield.
6,El limón de Troya,14 may. 1995,8.7,2247,"Cuando un grupo de chicos de Shelbyville roba el sagrado limonero de Springfield, Bart y sus amigos se aventuran allí para recuperarlo."
6,¿Quién le disparó al señor Burns? Parte uno,21 may. 1995,9.2,2860,"Después de que el señor Burns roba petróleo de la Escuela Primaria de Springfield, una persona desconocida, aparentemente en represalia, le dispara."
7,¿Quién le disparó al señor Burns? Parte dos,17 sep. 1995,9.0,2580,"El señor Burns está internado en el hospital mientras comienza la investigación sobre quién le disparó; todos los habitantes tienen un motivo, pero se ha encontrado ADN de los Simpson."
7,El Hombre Radioactivo,24 sep. 1995,8.3,1958,Milhouse es elegido para interpretar al compañero del Hombre Radioactivo en una producción de Hollywood basada en la historieta.
7,"Hogar, dulce hogar-dum-diddly",1 oct. 1995,8.4,1887,"Marge y Homer pierden la custodia de los niños, que son enviados a vivir a la casa de los Flanders."
7,Bart vende su alma,8 oct. 1995,8.8,2350,"Bart vende despreocupadamente su alma a Milhouse por cinco dólares, pero luego se arrepiente. Moe transforma su lúgubre bar en un divertido restaurante familiar."
7,"Lisa, la vegetariana",15 oct. 1995,8.5,2212,"Una visita a un zoológico interactivo local convence a Lisa de dejar de comer carne, pese a la enorme presión para hacerla cambiar de opinión."
7,La casita del horror VI,29 oct. 1995,8.6,2234,Una extraña tormenta eléctrica hace que gigantescas mascotas publicitarias cobren vida; el jardinero Willie aterroriza a los niños en sus sueños; y Homer queda atrapado en otra dimensión.
7,Homer tamaño gigante,5 nov. 1995,9.0,2691,"Homer aumenta de peso deliberadamente para poder obtener una incapacidad laboral y trabajar desde casa, pero pronto descubre que la obesidad mórbida trae sus propios problemas."
7,Mamá Simpson,19 nov. 1995,8.6,2089,"Después de fingir su propia muerte, Homer se reencuentra con su madre, quien guarda un profundo secreto."
7,El último destello de Bob Patiño,26 nov. 1995,8.0,1768,"Bob Patiño vuelve a escapar de prisión y toma el control de una pantalla de televisión durante una exhibición aérea, exigiendo que todas las estaciones de TV dejen de transmitir de inmediato."
7,¡El espectacular episodio 138 de Los Simpson!,3 dic. 1995,7.5,1773,Troy McClure presenta una retrospectiva de los primeros 137 episodios de Los Simpson (1989).
7,"Marge, no seas orgullosa",17 dic. 1995,8.4,2069,La relación de Marge con Bart se tensa cuando lo atrapan robando en una tienda antes de Navidad.
7,Equipo Homer,7 ene. 1996,8.3,1794,"Homer forma un equipo de bolos con Moe, Apu y Otto, pero cuando el señor Burns descubre que el equipo fue financiado con su dinero, insiste en unirse. Mientras tanto, la Escuela Primaria de Springfield introduce uniformes."
7,Dos malos vecinos,14 ene. 1996,8.6,2101,El expresidente George Bush y su esposa Barbara se mudan al vecindario de los Simpson y pronto chocan con Bart y Homer.
7,Escenas de la lucha de clases en Springfield,4 feb. 1996,7.7,1656,"Después de comprar un traje Chanel a precio de oferta, Marge recibe una invitación a un club de campo por parte de una excompañera de escuela. Cautivada por la opulencia del lugar, pronto se desespera por encajar."
7,"Bart, el soplón",11 feb. 1996,7.7,1624,"Krusty el Payaso queda casi en la ruina después de que Bart lo delata accidentalmente ante el fisco, obligándolo a tomar medidas drásticas."
7,"Lisa, la iconoclasta",18 feb. 1996,8.2,1782,"Lisa podría saber qué hacer cuando, mientras investiga para un ensayo, descubre que el padre fundador de Springfield en realidad era un ladrón asesino."
7,"Homer, el Smithers",25 feb. 1996,8.9,2457,"Cuando Smithers se ve obligado a tomarse vacaciones, designa a Homer como su reemplazo temporal."
7,El día que murió la violencia,17 mar. 1996,8.1,1757,"Bart y Lisa conocen a una persona sin hogar que afirma haber creado a Tomy, el ratón de su serie animada favorita, «Tomy y Daly»."
7,Un pez llamado Selma,24 mar. 1996,8.2,1881,La decadente estrella de cine Troy McClure comienza a salir con Selma en un intento por silenciar extraños rumores sobre su vida personal y reactivar su carrera.
7,Bart en la carretera,31 mar. 1996,8.6,1956,"Bart fabrica una licencia de conducir falsa y lleva a Milhouse, Martin y Nelson a un gran viaje por carretera; Lisa pasa tiempo con Homer en la planta nuclear."
7,22 cortometrajes sobre Springfield,14 abr. 1996,8.9,2485,Una serie de viñetas muestra un día en la vida de diversos habitantes de Springfield.
7,El furioso Abe Simpson y su gruñón nieto en «La maldición del pez volador infernal»,28 abr. 1996,8.4,1921,"Muere otro integrante del pelotón del Abuelo Simpson en la Segunda Guerra Mundial, dejando solo a él y al señor Burns. Años antes, los hombres robaron varias obras maestras de valor incalculable de la Alemania nazi, y ahora Burns pretende asegurarse de ser quien las herede."
7,Mucho Apu y pocas nueces,5 may. 1996,8.1,1687,"Una ola antiinmigratoria recorre Springfield y amenaza con provocar la deportación de Apu, hasta que Homer decide rechazar la mentalidad de la multitud y ayudarlo a convertirse en ciudadano legal."
7,Homerpalooza,19 may. 1996,8.0,1792,"Decidido a demostrar que todavía es genial, Homer lleva a Bart y Lisa al festival de música Hullabalooza, donde descubre que tiene talento para recibir impactos de cañón en el estómago y se une al espectáculo de rarezas del festival."
7,Verano de 4 pies y 2 pulgadas,19 may. 1996,8.4,1947,"Después de darse cuenta de lo poco popular que es, una desilusionada Lisa ve las vacaciones en la casa de playa de Ned Flanders como una oportunidad para reinventarse."
8,La casita del horror VII,27 oct. 1996,8.5,2091,Bart descubre a su gemelo siamés en el ático; Lisa se convierte en una diosa después de crear vida accidentalmente en un proyecto de feria de ciencias; y Kang y Kodos planean conquistar el planeta.
8,Solo se muda dos veces,3 nov. 1996,9.3,3931,"Después de mudarse a otra ciudad por un nuevo trabajo, Homer debe decidir si quedarse o no cuando a la familia le resulta difícil adaptarse al cambio."
8,El Homer que cae,10 nov. 1996,8.1,1842,Homer se convierte en boxeador después de que Moe descubre su increíble capacidad para resistir golpes.
8,"Burns, bebé Burns",17 nov. 1996,7.7,1814,"Los Simpson intentan reunir al jefe de Homer, el señor Burns, con Larry, el hijo perdido de Burns."
8,Bart después del anochecer,24 nov. 1996,8.3,1891,Marge encabeza una cruzada contra un local de burlesque después de descubrir que Bart trabaja allí.
8,Un Milhouse dividido,1 dic. 1996,8.1,1776,"Cuando Kirk y Luann llegan a un punto muerto en su matrimonio, Luann anuncia que se divorciará, lo que hace que Homer empiece a preocuparse por su propio matrimonio."
8,La cita de Lisa con la densidad,15 dic. 1996,7.8,1734,Lisa se enamora de Nelson e intenta reformarlo; Homer consigue un marcador automático y decide ganar dinero fácil mediante una estafa de telemarketing.
8,Huracán Neddy,29 dic. 1996,8.8,2174,"Después de que un huracán azota Springfield y destruye la casa de Ned Flanders, él sufre una crisis nerviosa y se ve obligado a enfrentar problemas de su infancia."
8,El viaje misterioso de nuestro Homer,5 ene. 1997,8.6,2310,"En el concurso anual de chili de Springfield, Homer come una preparación picante con chiles alucinógenos de Guatemala y luego tiene una visión que lo hace dudar de que Marge sea su alma gemela."
8,Los expedientes Springfield,12 ene. 1997,9.1,2966,Los agentes especiales Mulder y Scully llegan a Springfield después de que Homer asegura haber visto un extraterrestre.
8,El retorcido mundo de Marge Simpson,19 ene. 1997,7.8,1692,"Marge entra en el negocio de la venta de pretzels, pero cuando fracasa, Homer consigue ayuda de la mafia."
8,La montaña de la locura,2 feb. 1997,8.6,1953,Homer y el señor Burns quedan atrapados en una cabaña bloqueada por la nieve durante un retiro de la empresa.
8,Simpsoncalifragilisticoespialidoso,7 feb. 1997,7.7,1836,"Marge está estresada por la maternidad y contrata a una niñera británica para que ayude en la casa; para sorpresa de todos, ella les enseña a Bart y Lisa a comportarse."
8,"El show de Tomy, Daly y Poochie",7 feb. 1997,8.0,1833,"Krusty se alarma por la caída de audiencia de «El show de Tomy y Daly» y exige una solución. Los productores creen que necesitan una novedad y, después de que un grupo de prueba no sale como esperaban, crean a Poochie, un perro rapero animado que debe hacerse amigo de Tomy y Daly. Homer audiciona para ponerle la voz y obtiene el papel. El primer dibujo de Poochie, «El beagle ha aterrizado», se estrena con gran publicidad, pero tiene una pésima recepción. Los productores deciden..."
8,La fobia de Homer,16 feb. 1997,8.8,2613,"Después de que Marge se hace amiga de John, el dueño gay de una tienda, Homer teme que su presencia tenga un efecto negativo sobre la sexualidad de Bart."
8,Hermano de otra serie,23 feb. 1997,8.2,1875,"Movido por el resentimiento hacia su hermano Bob Patiño, Cecil intenta destruir Springfield haciendo explotar una represa hidroeléctrica cuya estructura hueca había financiado. Bob Patiño también demuestra tener un lado bueno."
8,"Mi hermana, mi niñera",2 mar. 1997,8.0,1747,Bart se indigna cuando Lisa se convierte en su niñera.
8,Homer contra la 18.ª Enmienda,16 mar. 1997,8.9,2237,"Después de que Bart se emborracha accidentalmente durante una celebración de San Patricio, se redescubre y aplica una antigua ley de prohibición del alcohol en Springfield. Desesperado por mantener el alcohol en la ciudad, Homer toma el asunto en sus propias manos."
8,Confidencial de la escuela primaria,6 abr. 1997,8.2,1758,"Bart descubre al director Skinner y a la señora Krabappel besándose, y no pasa mucho tiempo antes de que todo el pueblo conozca su romance secreto."
8,El motín canino,13 abr. 1997,7.7,1585,"Después de obtener fraudulentamente una tarjeta de crédito, Bart compra un nuevo perro llamado Laddie. Cuando le embargan los artículos que compró, miente diciendo que Ayudante de Santa es el perro adquirido y pronto empieza a extrañar a su mascota."
8,El viejo y Lisa,20 abr. 1997,7.9,1668,Burns pierde su fortuna y recluta a Lisa para que lo ayude a recuperarla.
8,En Marge confiamos,27 abr. 1997,8.1,1713,Marge se convierte en consejera de la iglesia; Homer descubre su rostro en el logotipo de un detergente japonés.
8,El enemigo de Homer,4 may. 1997,9.3,3945,El trabajador Frank Grimes comienza a trabajar en la planta y se irrita por la pereza de Homer; Bart compra una fábrica en ruinas por un dólar.
8,La exhibición de spin-offs de Los Simpson,11 may. 1997,7.2,1709,"Troy McClure presenta tres series derivadas: «El jefe Wiggum, investigador privado», «El Abuelo Amor-Mático» y «La hora de variedades de la familia Simpson»."
8,La guerra secreta de Lisa Simpson,18 may. 1997,7.9,1653,"Después de que una broma destruye la mitad del pueblo, Bart es enviado a una escuela militar. Lisa, en busca de un desafío, decide inscribirse con él, pero enfrenta discriminación por ser la única cadete mujer de la escuela."
9,La ciudad de Nueva York contra Homer Simpson,21 sep. 1997,9.1,3082,"Homer debe viajar a Nueva York para recuperar su auto, que quedó estacionado ilegalmente en la plaza del World Trade Center."
9,El director y el mendigo,28 sep. 1997,6.9,2043,"Durante la celebración de sus 20 años como director escolar, se descubre que el director Skinner es un impostor del verdadero Seymour Skinner."
9,El saxofón de Lisa,19 oct. 1997,8.1,1664,"Homer recuerda el primer día de escuela de Bart, una historia que coincide con la de cómo Lisa obtuvo su saxofón."
9,La casita del horror VIII,26 oct. 1997,8.2,1778,Homer lucha contra mutantes después de que Springfield es aniquilada por una bomba de neutrones; el ADN de Bart se mezcla con el de una mosca; y se revela que Marge era una bruja en el Springfield colonial.
9,La familia de las armas,2 nov. 1997,8.2,1819,"Después de un enorme disturbio provocado por un partido de fútbol, Homer compra un arma para proteger a la familia."
9,Bart estrella,9 nov. 1997,7.7,1549,"Un informe demoledor sobre la obesidad infantil en Springfield lleva a formar un equipo infantil de fútbol americano. Después de menospreciar a Ned Flanders, Homer termina entrenando al equipo, pero su favoritismo hacia Bart lo vuelve impopular."
9,Las dos señoras Nahasapeemapetilon,16 nov. 1997,7.7,1507,"Apu recibe una carta de su madre informándole que llegó el momento de cumplir con su compromiso de matrimonio arreglado, por lo que finge que Marge es su esposa."
9,"Lisa, la escéptica",23 nov. 1997,8.1,1659,Los habitantes del pueblo creen que Lisa ha desenterrado los restos fosilizados de un ángel.
9,La realidad muerde,7 dic. 1997,7.6,1507,Marge se convierte en agente inmobiliaria.
9,Milagro en la Terraza Siempreverde,21 dic. 1997,7.6,1660,"Cuando Bart quema accidentalmente el árbol de Navidad y los regalos de la familia, afirma que un ladrón se llevó todo. Como resultado, el pueblo les consigue un árbol nuevo y colabora para reunir dinero."
9,"Todo canto, todo baile",4 ene. 1998,5.0,1821,"Homer se decepciona cuando el western que alquiló resulta ser un musical, así que la familia le recuerda los momentos musicales de la historia de la serie."
9,Bart feriante,11 ene. 1998,7.7,1570,"Bart y Homer se hacen amigos de dos feriantes y los invitan a quedarse en su casa, pero estos pronto estafan a los Simpson y se quedan con la vivienda."
9,La alegría de la secta,8 feb. 1998,8.3,1759,Una secta malvada llamada los Movimentarios les lava el cerebro a los habitantes de Springfield y Marge debe recuperarlos.
9,El autobús,15 feb. 1998,8.2,1720,"Mientras los niños quedan varados en una isla desierta, Homer intenta ganar dinero con Internet."
9,La última tentación de Krusty,22 feb. 1998,7.5,1475,"Después de una actuación desastrosa, Krusty cambia su imagen y se convierte en un comediante de stand-up provocador."
9,Indemnización con mancuernas,1 mar. 1998,7.7,1480,"Homer y Moe intentan cometer fraude al seguro para que Moe pueda mantener a su nueva novia. Cuando Homer termina en la cárcel, Moe debe decidir si confiesa o no."
9,Lisa Simpson,8 mar. 1998,8.0,1665,"Lisa teme estar perdiendo su inteligencia cuando se entera del legendario gen Simpson. Mientras tanto, Jasper se congela dentro del freezer del Kwik-E-Mart."
9,Este pequeño Wiggum,22 mar. 1998,7.9,1541,"Bart se muestra reacio a pasar tiempo con Ralph Wiggum, hasta que consigue acceso a la llave maestra de la ciudad del jefe Wiggum."
9,Marea Simpson,29 mar. 1998,8.2,1643,Homer provoca un incidente internacional después de unirse a la reserva naval.
9,El problema de los trillones,5 abr. 1998,7.8,1549,"Homer se ve obligado a espiar para el fisco después de una auditoría. Pero cuando le piden recuperar un billete de un trillón de dólares del señor Burns, cambia de bando y ambos huyen a Cuba en busca de refugio."
9,Edición para chicas,19 abr. 1998,7.9,1516,"Bart y Lisa quedan atrapados en una competencia cuando conducen un noticiero infantil. Mientras tanto, Homer adopta un mono ayudante."
9,Basura de los titanes,26 abr. 1998,8.4,1837,Homer se convierte en comisionado de saneamiento de Springfield. Su ineptitud contamina el pueblo y conduce a una solución drástica.
9,Rey de la colina,3 may. 1998,8.2,1620,"Después de humillar a Bart en un picnic de la iglesia, Homer decide ponerse en forma. Poco después, una empresa de barras energéticas se comunica con él para que escale una montaña como promoción."
9,Perdimos a Lisa,10 may. 1998,7.8,1453,Lisa se pierde después de intentar tomar un autobús hacia un museo.
9,Besadores por naturaleza,17 may. 1998,8.0,1578,El intento de Homer y Marge por darle emoción a su matrimonio termina con la pareja siendo perseguida desnuda por Springfield.
10,La grasa del baile,23 ago. 1998,7.6,1592,Homer y Bart intentan montar su propio negocio de grasa; Lisa organiza un baile escolar.
10,El mago de la Terraza Siempreverde,20 sep. 1998,8.2,1671,La crisis de la mediana edad de Homer lo lleva a un desastroso intento de convertirse en inventor.
10,"Bart, la madre",27 sep. 1998,7.6,1515,"Cuando Bart mata accidentalmente a una madre pájaro, intenta compensarlo criando sus huevos."
10,La casita del horror IX,25 oct. 1998,8.0,1739,Homer recibe un trasplante de cabello maligno; Bart y Lisa quedan atrapados en un dibujo animado de Tomy y Daly; y se revela que Maggie es extraterrestre.
10,Cuando le pides un deseo a una estrella,8 nov. 1998,7.3,1528,Homer se convierte en alguien de confianza en Hollywood cuando se hace amigo de Alec Baldwin y Kim Basinger.
10,D'oh en el viento,15 nov. 1998,7.6,1493,Homer se vuelve hippie después de una revelación sobre su segundo nombre.
10,Lisa obtiene una «A»,22 nov. 1998,8.1,1559,"Cuando Lisa hace trampa en un examen, sufre una crisis moral porque su puntuación perfecta hace que la escuela califique para recibir fondos; Homer adopta una langosta como mascota."
10,Homer Simpson en: «Problemas renales»,6 dic. 1998,7.3,1456,A Homer le entra miedo antes de una operación de trasplante que podría salvar la vida del Abuelo.
10,Alcalde de la mafia,20 dic. 1998,8.2,1646,Homer se enfrenta a la corrupción cuando se convierte en guardaespaldas del alcalde Quimby.
10,Viva Ned Flanders,10 ene. 1999,7.9,1563,"Cuando Homer lleva a Ned a Las Vegas para intentar que se relaje, ambos terminan casándose borrachos con dos camareras de cócteles."
10,Los Bart salvajes no pueden ser domados,17 ene. 1999,7.8,1471,Los niños de Springfield se rebelan después de que se impone un toque de queda.
10,"Domingo, maldito domingo",31 ene. 1999,7.0,1444,"Homer y sus amigos viajan al Super Bowl, pero deben entrar a escondidas cuando descubren que sus entradas son falsas."
10,Homer al máximo,7 feb. 1999,7.8,1513,Homer cambia su nombre cuando un torpe personaje de televisión llamado Homer Simpson se convierte de la noche a la mañana en una sensación.
10,Estoy con Cupido,14 feb. 1999,7.3,1379,Los maridos de Springfield planean vengarse después de que Apu los deja en evidencia durante el Día de San Valentín.
10,Marge Simpson en «Bocinas amarillas chillantes»,21 feb. 1999,7.3,1397,La nueva camioneta todoterreno de Marge le provoca un intenso caso de ira al volante.
10,Hazle lugar a Lisa,28 feb. 1999,7.6,1373,Lisa siente que nunca tendrá una relación cercana con su padre y desarrolla dolores de estómago provocados por el estrés; Marge deja inconsciente accidentalmente a Milhouse.
10,Homerdrive al máximo,28 mar. 1999,7.7,1455,"Homer completa una entrega de costa a costa para un camionero que muere antes de terminarla y lleva a Bart con él. Mientras tanto, Marge y Lisa tienen problemas con un novedoso timbre que compran."
10,Historias bíblicas de Los Simpson,4 abr. 1999,7.4,1453,Tres famosas historias religiosas son reinterpretadas al estilo de Los Simpson mientras la familia se queda dormida en la iglesia.
10,Arte de mamá y papá,11 abr. 1999,7.6,1462,Homer se convierte en tema de conversación de la comunidad artística de Springfield cuando una parrilla fallida que construyó es confundida con una obra de arte.
10,El viejo y el estudiante con «C»,25 abr. 1999,7.3,1319,Bart es castigado con servicio comunitario en el Castillo de Retiro después de arruinar las posibilidades de Springfield de albergar los Juegos Olímpicos.
10,Monty no puede comprarme amor,2 may. 1999,7.1,1323,"Cuando un hombre adinerado se muda a Springfield, el señor Burns empieza a sentir que está perdiendo influencia sobre los habitantes y decide pedir ayuda a Homer."
10,Ellos salvaron el cerebro de Lisa,9 may. 1999,7.3,1353,"Lisa es invitada a unirse al capítulo de MENSA de Springfield y, después de que el alcalde Quimby huye, el grupo termina gobernando la ciudad. Mientras tanto, Homer posa para una serie de fotos eróticas."
10,Treinta minutos sobre Tokio,16 may. 1999,8.0,1630,Los Simpson deben participar en un programa de concursos japonés después de que Homer pierde el dinero de sus vacaciones.
11,Más allá de Blunderdome,26 sep. 1999,7.3,1512,"Convencido de que es el único hombre con el valor de decirle la verdad, Mel Gibson insiste en que Homer lo acompañe a Hollywood para ayudarlo a arreglar su nueva película."
11,El pequeño ayudante del hermano,3 oct. 1999,7.5,1326,"A Bart le recetan medicamentos para controlar su conducta, pero las pastillas hacen que se vuelva paranoico y pierda la cordura."
11,¿Adivina quién viene a criticar la cena?,24 oct. 1999,7.5,1343,"Las críticas negativas de Homer como crítico gastronómico ponen su vida en peligro. Por suerte, Lisa lucha por él."
11,La casita del horror X,31 oct. 1999,7.8,1549,Los Simpson intentan ocultar el asesinato accidental de Ned Flanders. Bart y Lisa adquieren superpoderes. Un apocalipsis electrónico amenaza Springfield.
11,E-I-E-I-(gruñido molesto),7 nov. 1999,7.8,1436,Homer se acobarda ante un duelo con pistolas y se esconde con el resto de la familia en una granja rural.
11,"Hola, canaleta; hola, papá",14 nov. 1999,7.3,1263,Homer se convierte en una celebridad menor en Springfield después de jugar una partida perfecta de bolos.
11,Ocho malportados,21 nov. 1999,7.0,1259,Apu lucha con la paternidad después de que Manjula da a luz a octillizos.
11,"Llévate a mi esposa, canalla",28 nov. 1999,7.1,1287,"El intento de Homer de crear una pandilla de motociclistas atrae a una pandilla real, que secuestra a Marge."
11,La estafa de los Reyes Magos,19 dic. 1999,7.3,1374,"Una empresa de juguetes compra la Escuela Primaria de Springfield y utiliza al alumnado como grupo de prueba para su nuevo juguete navideño, Funzo."
11,Pequeña gran mamá,9 ene. 2000,7.3,1234,Lisa descubre lo difícil que es la vida de Marge cuando su madre queda inmovilizada y ella pasa a ser la mujer de la casa. Las travesuras de Homer y Bart la alteran tanto que conspira para darles una lección.
11,Fe fuera,16 ene. 2000,6.8,1232,Bart llega a creer que tiene poderes curativos especiales después de asistir a un culto religioso bajo una carpa.
11,La familia de la mansión,23 ene. 2000,7.3,1252,Homer queda a cargo de la mansión del señor Burns mientras este está ausente y lleva el yate de Burns a aguas internacionales para hacer una fiesta.
11,Galáctica de montura dolorida,6 feb. 2000,6.5,1402,Los Simpson rescatan un caballo maltratado y lo convierten en competidor de carreras. Homer descubre una conspiración secreta sobre los jinetes. Lisa intenta comunicarse con el presidente Clinton cuando los resultados de una competencia de talento de bandas escolares parecen manipulados.
11,"Solo otra vez, natura-diddly",13 feb. 2000,7.7,1495,Ned enfrenta su dolor tras la muerte prematura de Maude.
11,Misionero: imposible,20 feb. 2000,7.3,1323,"Cuando Homer es buscado para matarlo por incumplir una promesa de donación de 10.000 dólares a PBS, el reverendo Alegría consigue que haga trabajo misionero en el Pacífico Sur hasta que se calmen las cosas."
11,Pigmoelión,27 feb. 2000,7.3,1262,"La cirugía plástica no solo transforma a Moe el cantinero de feo en atractivo, sino que también lo ayuda a conseguir un trabajo en una exitosa telenovela diurna."
11,Bart al futuro,19 mar. 2000,7.1,1388,Bart obtiene un vistazo del futuro mientras la familia está de vacaciones en un casino indígena.
11,Días de vino y d'oh'sas,9 abr. 2000,7.3,1231,A Homer no le gusta que Barney deje de beber; Bart y Lisa se meten en problemas al participar en un concurso de fotografía para la portada de la nueva guía telefónica.
11,Mata al caimán y corre,30 abr. 2000,6.5,1360,"Temiendo que solo le queden tres años de vida, Homer muda a la familia a Florida para vivir mejor, hasta que se convierten en fugitivos después de herir a un famoso caimán."
11,El último tap de Springfield,7 may. 2000,7.1,1223,Lisa tiene dificultades para aprender tap; Bart y Milhouse se escapan del campamento de verano para pasar una semana viviendo en el centro comercial.
11,"Es una Marge loca, loca, loca, loca",14 may. 2000,7.2,1256,"Todos adoran a Becky, la nueva huésped de los Simpson. Todos excepto Marge, quien cree que Becky quiere matarla."
11,Detrás de las risas,21 may. 2000,7.9,1575,"Los fanáticos son invitados a mirar detrás de escena de «Los Simpson», repasando algunas de las experiencias más memorables que ha vivido la familia."
12,La casita del horror XI,1 nov. 2000,7.6,1455,Homer debe realizar una buena acción para entrar al Cielo; Bart y Lisa encuentran a una bruja en una casa de jengibre; delfines superinteligentes contraatacan a la humanidad.
12,Historia de dos Springfields,5 nov. 2000,7.5,1385,Springfield se divide en dos cuando Homer se rebela porque cambian su código de área; el nuevo pueblo se amuralla para separarse de sus vecinos.
12,Krusty tiene una hija,12 nov. 2000,7.0,1249,"Después de enterarse de que tiene una hija, Krusty recurre a Homer para pedirle consejos sobre paternidad."
12,"Lisa, la amante de los árboles",19 nov. 2000,7.2,1260,El enamoramiento de Lisa por un activista ambiental la inspira a vivir en un árbol amenazado por leñadores.
12,Homer contra la dignidad,26 nov. 2000,7.0,1308,"Desesperado por conseguir dinero, Homer acepta pagos del señor Burns a cambio de humillarse."
12,La computadora llevaba zapatos amenazantes,3 dic. 2000,7.7,1359,"El sitio web de chismes de Homer se convierte en un gran éxito, pero cuando se queda sin información recurre a inventar noticias."
12,La gran estafa del dinero,10 dic. 2000,7.3,1276,Todo Springfield conspira para darles una lección a Homer y Bart después de que ambos comienzan a realizar estafas de confianza.
12,El sentido de la nieve de Skinner,17 dic. 2000,7.9,1471,"Una extraña tormenta de nieve deja atrapados a los alumnos de la Escuela Primaria de Springfield dentro del edificio. Con sus vidas en riesgo, dependen de los esfuerzos de rescate de un aturdido Homer y Ned."
12,Homr,7 ene. 2001,8.1,1527,"Una radiografía revela un crayón alojado en el cerebro de Homer. Tras retirárselo, Homer experimenta un repentino aumento de inteligencia que lo acerca a Lisa y lo aísla de sus amigos."
12,Mamá tras las rejas,14 ene. 2001,7.2,1265,"Marge se hace amiga de un convicto con talento artístico. Mientras tanto, Homer se enfrenta a la industria quiropráctica después de crear una cura milagrosa para el dolor de espalda."
12,El peor episodio de todos,4 feb. 2001,7.4,1301,Bart y Milhouse quedan a cargo de la tienda de historietas después de que el Hombre de las Historietas es hospitalizado.
12,La amenaza del tenis,11 feb. 2001,6.8,1254,"Homer instala una cancha de tenis en el patio, pero su pésimo juego provoca una división en la familia."
12,El día del bribón,18 feb. 2001,7.1,1148,Bob Patiño regresa con un plan para lavarle el cerebro a Bart y matar a Krusty.
12,Nuevos chicos en el grupo,25 feb. 2001,7.2,1386,"Un productor musical ofrece a Bart y sus amigos la oportunidad de formar parte de una prometedora boy band, pero los chicos dejan de estar interesados después de hacer un descubrimiento."
12,"Homer hambriento, hambriento",4 mar. 2001,7.5,1262,Homer se ve obligado a iniciar una huelga de hambre contra los Isótopos de Springfield después de descubrir un plan secreto para trasladar el equipo de béisbol a Nuevo México.
12,"Adiós, nerd",11 mar. 2001,6.6,1200,"Los problemas con una abusona llevan a Lisa a investigar qué hace que los agresores sean violentos. Mientras tanto, Homer entra en el negocio de hacer casas seguras para bebés."
12,Safari Simpson,1 abr. 2001,6.8,1238,Los Simpson ganan un viaje a África después de que Homer encuentra en el ático una galleta de animal dorada de los años 60.
12,Trilogía del error,29 abr. 2001,8.6,1862,"La carrera de Homer al hospital para que le vuelvan a unir el pulgar cercenado, la carrera de Lisa a la escuela para ganar la feria de ciencias y el encuentro de Bart con un negocio ilegal de fuegos artificiales se conectan desde los distintos puntos de vista de cada uno."
12,Me voy a Praiseland,6 may. 2001,7.2,1213,"Con la ayuda de Homer, Flanders intenta crear un parque temático cristiano basado en los dibujos del cuaderno de bocetos de Maude."
12,Hijos de un Homer menor,13 may. 2001,7.2,1135,"Después de que una lesión incapacitante lo obliga a quedarse en casa, Homer abre una guardería infantil."
12,Relatos exagerados de Los Simpson,20 may. 2001,7.0,1182,"Un vagabundo les cuenta a los Simpson historias exageradas durante un viaje en tren a Delaware. En la primera, Homer es expulsado de la sociedad como Paul Bunyan. Luego Lisa recorre el país plantando árboles como Connie Appleseed. Finalmente, Bart y Nelson bajan el Misisipi en balsa como Tom Sawyer y Huck Finn."
13,La casita del horror XII,6 nov. 2001,7.5,1417,Una gitana maldice a Homer; la nueva casa automatizada de los Simpson falla e intenta matar a Homer; Bart y Lisa asisten a una escuela para magos.
13,El rap de los padres,11 nov. 2001,7.0,1170,"Después de que Bart sale a pasear sin permiso en un patrullero, una jueza ordena que permanezca atado a Homer en todo momento."
13,Homer el Moe,18 nov. 2001,7.1,1164,Homer y sus amigos se ven obligados a beber en el garaje de los Simpson después de que Moe el cantinero remodela su bar decadente y lo convierte en un local de moda.
13,Un Burns enamorado,2 dic. 2001,7.0,1111,El señor Burns se enamora de una mujer más joven y recluta a Homer para que lo ayude a impresionarla.
13,Los años de la metida de pata,9 dic. 2001,7.6,1247,Un hipnotizador descubre una experiencia traumática de la infancia de Homer.
13,Ella de poca fe,16 dic. 2001,7.1,1224,"Homer y Bart construyen juntos un cohete a escala que destruye la Primera Iglesia de Springfield. Para recaudar dinero para las reparaciones, la iglesia vende espacios publicitarios, indignando a Lisa, quien se convierte en budista con la ayuda de la estrella invitada Richard Gere."
13,Pelea en la familia,6 ene. 2002,6.8,1102,"Un trabajador de servicios sociales logra unir a la familia Simpson, pero su nueva felicidad se ve amenazada cuando la camarera de cócteles con la que Homer se casó en Las Vegas aparece en su puerta."
13,Dulce y amarga Marge,20 ene. 2002,6.9,1101,Marge impulsa una prohibición del azúcar después de que Springfield es declarada la ciudad más obesa de Estados Unidos.
13,Mandíbulas cerradas,27 ene. 2002,7.2,1133,Marge no soporta el silencio después de que a Homer le inmovilizan la mandíbula con alambres.
13,Una propuesta medio decente,10 feb. 2002,7.3,1174,"Artie Ziff, el amor de secundaria de Marge, regresa y ofrece a Homer un millón de dólares para pasar un fin de semana con Marge."
13,Bart quiere lo que quiere,17 feb. 2002,7.0,1069,"Bart rompe con su nueva novia Greta, pero se pone celoso cuando ella empieza a salir con Milhouse."
13,El arma más reciente del Oeste,24 feb. 2002,6.4,1121,Bart conoce a una retirada estrella de películas de vaqueros y lo convence de regresar en El show de Krusty el Payaso.
13,El viejo y la llave,10 mar. 2002,6.4,1070,Abe recupera su licencia de conducir para impresionar a una nueva mujer del hogar de ancianos.
13,Relatos del dominio público,17 mar. 2002,7.2,1098,"Homer lee tres historias de un libro atrasado de la biblioteca: Homer como Odiseo intentando volver a Ítaca, Lisa como Juana de Arco conduciendo a los franceses a la victoria y Bart como Hamlet vengando la muerte de su padre."
13,Échale la culpa a Lisa,31 mar. 2002,7.0,1133,"Lisa apadrina a un huérfano en Brasil y, cuando desaparece, convence a la familia de viajar allí para buscarlo. Una vez en Brasil, Homer es secuestrado."
13,Fin de semana con Burnsie,7 abr. 2002,7.7,1275,"Después de una traumática lesión ocular, Homer se convierte en consumidor habitual de marihuana medicinal."
13,Asado de Gump,21 abr. 2002,5.4,1227,"En este episodio recopilatorio, los habitantes de Springfield homenajean a Homer Simpson con un roast, pero la celebración empeora cuando unos extraterrestres irrumpen en ella."
13,Estoy furioso amarillo,28 abr. 2002,7.7,1217,"La historieta de Bart sobre Homer se convierte en un éxito en Internet, lo que impulsa a Homer a intentar controlar su ira."
13,El Apu más dulce,5 may. 2002,6.7,1029,El matrimonio de Apu está en crisis después de que Manjula descubre que él le fue infiel.
13,Niña pequeña en la gran universidad,12 may. 2002,7.1,1051,Lisa finge ser estudiante universitaria cuando se hace amiga de dos chicas de la universidad; Bart se ve obligado a vivir en una burbuja de plástico después de que lo pica un mosquito.
13,El juego de la fritura,19 may. 2002,7.0,1088,Homer y Marge terminan en el corredor de la muerte después de ser incriminados por asesinato.
13,Papá tiene una placa nueva,22 may. 2002,7.8,1283,Homer se convierte en jefe de policía después de que un escándalo obliga a Wiggum a dejar el cargo.
14,La casita del horror XIII,3 nov. 2002,7.6,1313,Homer se clona con una hamaca mágica; vaqueros zombis regresan de entre los muertos después de que Springfield prohíbe las armas; la familia Simpson pasa unas vacaciones en una isla donde el Dr. Hibbert puede convertir a las personas en animales.
14,Cómo pasé mis vacaciones rockeras,10 nov. 2002,7.3,1211,"Cuando Homer es grabado en secreto quejándose de su familia dentro de un taxi, ellos lo envían a un campamento de fantasía de rock and roll para que intente vivir su sueño."
14,Bart contra Lisa contra tercer grado,17 nov. 2002,7.1,1119,"Bart repite un grado y Lisa adelanta uno, respectivamente, por lo que terminan en la misma clase."
14,Marge grande,24 nov. 2002,7.0,1168,Marge recibe accidentalmente implantes mamarios.
14,Refugio enloquecido,1 dic. 2002,6.7,1080,La familia Simpson debe participar en un reality show en el que intenta vivir de la misma manera que las familias del siglo XIX.
14,El gran detective de piojos,15 dic. 2002,7.2,1130,Homer debe recurrir a Bob Patiño para rastrear a un posible asesino.
14,Edna especial,5 ene. 2003,7.1,1097,"Después de que Skinner vuelve a decepcionar a la señora Krabappel, Bart la lleva al cine. Para animarla, la nomina al premio «Maestra del Año». La nominación es aceptada y pronto la familia Simpson y la señora Krabappel viajan a la ceremonia en Orlando, Florida, donde Skinner intenta recuperarla pidiéndole matrimonio."
14,El padre que sabía muy poco,12 ene. 2003,7.2,1085,Homer contrata a un detective privado para conocer mejor a Lisa.
14,Los fuertes brazos de mamá,2 feb. 2003,6.7,1102,Marge comienza a practicar culturismo para aumentar su autoestima después de ser asaltada en el Kwik-E-Mart.
14,Reza por cualquier cosa,9 feb. 2003,6.7,996,"Homer recurre a la religión para conseguir lo que quiere y pronto recibe la iglesia como indemnización por una lesión. Luego la convierte en su lugar personal de fiestas y el reverendo Alegría abandona Springfield, dejándola entregada al hedonismo."
14,Bart se independiza,16 feb. 2003,6.6,1119,"Después de descubrir que Homer despilfarró el dinero que ganó de bebé en un comercial, Bart se muda a un loft y conoce a la leyenda del skate Tony Hawk."
14,Deletreo tan rápido como puedo,16 feb. 2003,7.2,1052,"Lisa participa en las Olimpiadas de Deletreo, mientras Homer está ocupado viajando por el país porque Krusty Burger prueba un nuevo sándwich. Lisa confía en que ganará hasta que descubre que el concurso está arreglado en su contra."
14,Una estrella vuelve a nacer,2 mar. 2003,6.9,1049,"Ned Flanders empieza a salir con una famosa estrella de cine, pero tiene dificultades con los tabloides que los siguen a todas partes."
14,El señor Spritz va a Washington,9 mar. 2003,6.8,989,La familia hace que Krusty se postule al Congreso porque el tráfico aéreo ha sido desviado y pasa peligrosamente cerca de su casa.
14,C.E.D'oh,16 mar. 2003,7.1,952,Homer toma el control de la planta nuclear después de engañar al señor Burns para que lo convierta oficialmente en propietario de la planta.
14,Disculpa mientras extraño el cielo,30 mar. 2003,7.1,962,Lisa se interesa por la astronomía y comienza a luchar contra la contaminación lumínica que le impide disfrutar de su nuevo pasatiempo.
14,Tres gays en un condominio,13 abr. 2003,7.1,1085,"Cuando Homer encuentra una vieja nota que revela que Marge solo se casó con él porque estaba embarazada de Bart, se muda a un condominio con dos hombres gays."
14,"Amigo, ¿dónde está mi rancho?",27 abr. 2003,6.9,1106,"Homer escribe un villancico llamado «Todos odian a Ned Flanders», que pronto se vuelve tan popular que la familia decide irse del pueblo por un tiempo."
14,Viejo panza amarilla,4 may. 2003,6.7,999,"Homer echa a Ayudante de Santa por no salvarlo de un incendio, pero poco después el perro se convierte en la nueva mascota de Duff."
14,"Atropella a mi esposa, por favor",11 may. 2003,6.7,966,"Como Homer pierde su licencia de conducir, Marge debe llevar a todos a todas partes, lo que le genera tanto estrés que accidentalmente atropella a Homer y ambos terminan consultando a un consejero matrimonial."
14,El arte de la guerra de Bart,18 may. 2003,6.6,1022,"Bart y Milhouse son obligados a hacer servicio comunitario después de destruir el monumento de Flanders y se unen a grupos comunitarios diferentes, quedando enfrentados entre sí."
14,Moe y el blues del bebé,18 may. 2003,7.7,1234,"Después de salvar la vida de Maggie, Moe desarrolla un vínculo especial con ella, para disgusto de Homer."
15,La casita del horror XIV,2 nov. 2003,7.5,1320,"Primero, Homer mata a la Parca y ocupa su lugar en «Locura de la Parca». Luego, el padre del profesor Frink revive, pero mata personas y les roba los órganos en «Frinkenstein». Finalmente, Bart y Milhouse consiguen un cronómetro que puede detener el tiempo en «Detengan el mundo, quiero hacer tonterías»."
15,"Mi madre, la ladrona de autos",9 nov. 2003,7.3,1083,La madre de Homer regresa a Springfield y la ciudad la indulta de los cargos en su contra. El señor Burns se enfurece y prepara un plan para enviar a Mona Simpson a prisión.
15,La presidenta llevaba perlas,16 nov. 2003,6.9,1100,Lisa se enfrenta al director Skinner después de ser elegida presidenta escolar.
15,Los monólogos de Regina,23 nov. 2003,7.0,1171,"El primer ministro Tony Blair recibe a los Simpson en Inglaterra, donde se cruzan con la escritora J. K. Rowling y el actor Ian McKellen."
15,El gordo y el peludo,30 nov. 2003,7.0,1033,"En el basurero, Homer es filmado mientras lo ataca un oso. El pueblo lo considera un cobarde, así que Homer decide enfrentarse nuevamente al animal."
15,Hoy soy un payaso,7 dic. 2003,6.4,1000,Krusty decide hacer lo que nunca hizo cuando tenía trece años: celebrar su Bar Mitzvá.
15,Esta es la decimoquinta temporada,14 dic. 2003,7.0,1032,"Después de gastar todo su dinero en un regalo caro para sí mismo y de que la familia le diga que debería ser menos egoísta, Homer decide cambiar su forma de ser."
15,"Marge contra solteros, ancianos, parejas sin hijos, adolescentes y gays",4 ene. 2004,6.6,1003,"Un concierto para bebés termina en disturbios, por lo que los adultos sin hijos de Springfield se organizan para hacer que la ciudad sea menos amigable con los niños."
15,"Yo, (gruñido molesto)-Bot",11 ene. 2004,7.2,1093,Homer finge ser un robot y compite en Robot Wars para ganarse el afecto de Bart; Lisa tiene problemas con sus gatos.
15,Diatriba de una ama de casa loca,25 ene. 2004,7.1,1034,"Marge se inspira para escribir una novela, pero la trama del libro —un marido gordo y desagradable y un vecino apuesto y amable— pone celoso a Homer."
15,Tour margical por la historia,8 feb. 2004,7.0,1015,"Marge les cuenta a Lisa, Bart y Milhouse tres historias de la historia porque la biblioteca no tiene ninguna."
15,Milhouse ya no vive aquí,15 feb. 2004,7.1,1026,"Milhouse se muda a Ciudad Capital y, como consecuencia, Lisa y Bart se convierten en mejores amigos."
15,Inteligente y más inteligente,22 feb. 2004,7.1,1034,"Cuando se revela que Maggie tiene un coeficiente intelectual de 167, Lisa deja de ser la genio de la familia, lo que provoca una rivalidad entre las hermanas."
15,El Ziff que vino a cenar,14 mar. 2004,6.7,978,Descubren a Artie Ziff escondido en el ático de los Simpson.
15,Día de los codependientes,21 mar. 2004,6.7,980,Marge empieza a beber mucho para pasar más tiempo con Homer. Bart y Lisa enfrentan a un famoso director de cine por la caída en la calidad de sus películas.
15,El joven errante,28 mar. 2004,7.0,1045,"Después de hacerle una broma a todo el pueblo, Bart es condenado a seis meses en un centro de menores. Allí conoce a Gina, quien obliga a Bart a escapar con ella."
15,Mi gran boda geek y gorda,18 abr. 2004,6.6,1000,La señora Krabappel se enamora del Hombre de las Historietas y ambos planean una boda al estilo Star Trek. El director Skinner planea impedirla.
15,Atrápalos si puedes,25 abr. 2004,7.0,1057,"Homer y Marge intentan irse de vacaciones sin los niños, pero Bart y Lisa los siguen a todas partes."
15,Simple Simpson,2 may. 2004,7.3,1081,Homer se convierte en un justiciero enmascarado que usa pasteles como armas después de ver cómo humillan a Lisa en una competencia de la feria estatal.
15,Así no éramos,9 may. 2004,7.2,1052,"Marge y Homer descubren que en realidad se besaron a los 10 años sin saber que habían sido el primer beso del otro, y cuentan la historia."
15,Bart mutila la bandera,16 may. 2004,6.2,1054,Una foto accidental que muestra a Bart enseñándole el trasero a la bandera estadounidense convierte a los Simpson en la familia más odiada del pueblo.
15,Noticias fraudulentas,23 may. 2004,7.2,981,"Después de que se informa erróneamente que el señor Burns ha muerto, compra todos los medios de comunicación para impedir que publiquen artículos devastadores sobre él."
16,La casita del horror XV,7 nov. 2004,7.4,1193,Ned obtiene el poder de prever la muerte de las personas; Maggie es encogida dentro de una cápsula vitamínica y tragada; Eliza Simpson y su compañero persiguen a un asesino.
16,Todo vale en la guerra del horno,14 nov. 2004,6.8,991,"Homer le compra a Marge una cocina nueva, y a ella le gusta tanto cocinar allí que participa en el concurso de repostería Ovenfresh."
16,Durmiendo con el enemigo,21 nov. 2004,7.1,1023,"Como cree que sus propios hijos ya no la valoran, Marge se convierte en una figura materna para Nelson."
16,Ella solía ser mi amiga,5 dic. 2004,6.4,993,"Marge se pone celosa cuando Lisa comienza a idolatrar a su antigua amiga de secundaria Chloe Talbot, una famosa periodista."
16,Hombre gordo y niño pequeño,12 dic. 2004,7.0,949,Bart empieza a diseñar frases para camisetas y sus remeras se vuelven muy populares entre los habitantes de Springfield.
16,Receta de medianoche,16 ene. 2005,7.1,972,"Homer viaja a Canadá con Apu y Ned para comprar los medicamentos del Abuelo, pero los tres tienen problemas para regresar porque el guardia fronterizo cree que Apu es un terrorista."
16,Mamá cervecera,30 ene. 2005,6.8,930,Homer le da a Moe una enorme suma de dinero para evitar que tenga que cerrar el bar.
16,El pase Ave María de Homer y Ned,6 feb. 2005,6.2,1003,Un video de Homer bailando se vuelve tan popular que grandes figuras del deporte lo contratan para diseñar sus bailes de celebración.
16,Rap bromista,13 feb. 2005,6.5,1024,"Bart va a un concierto de rap al que Marge le había prohibido asistir. Para evitar el castigo, hace creer a Marge y Homer que fue secuestrado."
16,Hay algo sobre el matrimonio,20 feb. 2005,6.8,1011,Un habitante del pueblo sale del clóset cuando Springfield legaliza el matrimonio entre personas del mismo sexo como parte de un plan para impulsar el turismo; Homer usa Internet para convertirse en ministro.
16,En un día despejado no puedo ver a mi hermana,6 mar. 2005,6.7,997,"Después de que Bart la molesta, una orden judicial le prohíbe acercarse demasiado a Lisa."
16,Goo Goo Gai Pan,13 mar. 2005,6.9,1007,"Selma decide adoptar un niño, por lo que toda la familia viaja a China."
16,Homer móvil,20 mar. 2005,6.8,938,"Después de un accidente mientras limpia el garaje, Marge quiere que Homer contrate un seguro de vida. En cambio, la familia termina comprando una casa rodante."
16,El soplón de las siete cervezas,3 abr. 2005,6.7,932,"Springfield construye un teatro de ópera, pero como nadie asiste lo convierten en una prisión. Viejas leyes olvidadas se utilizan para llenarla, y Homer termina encarcelado por patear una lata cinco veces seguidas. En prisión, Homer se convierte en informante."
16,Drama futuro,17 abr. 2005,7.2,1065,"Bart y Lisa ven el futuro, donde sus vidas han cambiado."
16,No le temas al techador,1 may. 2005,7.4,1127,"Homer conoce a un nuevo amigo, Ray el techador, pero termina internado en una institución psiquiátrica cuando sus amigos y su familia creen que lo inventó."
16,El niño del corazón roto,1 may. 2005,7.1,985,"Bart empieza a alimentarse únicamente con productos de la nueva máquina de golosinas de la escuela, pero aumenta tanto de peso que debe ir a un campamento para adelgazar."
16,Una estrella se desgarra,8 may. 2005,6.6,948,Lisa participa en un concurso de canto infantil y Homer se convierte en su representante gracias a su habilidad para escribir canciones que encantan al público.
16,Gracias a Dios es el fin del mundo,8 may. 2005,7.2,989,"Homer oye hablar del Rapto y, usando numerología para calcular cuándo ocurrirá, descubre que faltan solo siete días."
16,Hogar lejos de Homer,15 may. 2005,7.0,943,"Después de que Homer humilla a Ned Flanders, Ned, Rod y Todd deciden abandonar Springfield y mudarse a Humbleton, Pensilvania."
16,"El padre, el hijo y la santa estrella invitada",15 may. 2005,7.3,1065,Bart es expulsado de la Escuela Primaria de Springfield y por eso es inscripto en la escuela católica San Jerónimo.
17,La hoguera de los manatíes,11 sep. 2005,6.1,1069,"Cuando Marge deja a Homer porque permitió que se filmara una película para adultos en su casa, ella busca realización personal protegiendo manatíes."
17,La chica que dormía demasiado poco,18 sep. 2005,6.8,1012,Un nuevo cementerio justo frente a la ventana de la habitación de Lisa le provoca muchas noches de insomnio.
17,Milhouse de arena y niebla,25 sep. 2005,6.9,957,"Maggie contrae varicela y Homer tiene la gran idea de cobrarles a otros padres para contagiar a sus hijos organizando una fiesta de varicela, pero el plan se vuelve en su contra."
17,La casita del horror XVI,6 nov. 2005,7.3,1139,Un hijo androide reemplaza a Bart; Homer y sus amigos son las presas en un torneo de caza del señor Burns; una bruja convierte a los habitantes en sus disfraces de Halloween.
17,Envenenamiento del hijo de Marge,13 nov. 2005,6.9,981,Marge y Bart empiezan a pasar más tiempo juntos y convierten en tradición ir en bicicleta a una casa de té de un pequeño pueblo en las afueras de Springfield.
17,Mira a Homer correr,20 nov. 2005,6.8,950,"Cuando una elección revocatoria pone en juego el cargo del alcalde Quimby, Homer aprovecha la oportunidad para intentar ganar el puesto y recuperar el cariño de su hija."
17,La última de las mamás del sombrero rojo,27 nov. 2005,6.6,961,"Milhouse le enseña italiano a Lisa, y Marge se une a las Alegres Tomates Rojas, un grupo que planea robarle al señor Burns huevos Fabergé por valor de un millón de dólares."
17,El Bob italiano,11 dic. 2005,7.0,1167,Los Simpson se pierden en Italia y terminan en un pequeño pueblo donde Bob Patiño se ha convertido en alcalde.
17,Historias navideñas de Los Simpson,18 dic. 2005,6.8,960,"Homer cuenta la historia de la primera Navidad, mientras el Abuelo continúa su disputa de décadas con Santa Claus."
17,El problema de paternidad de Homer,8 ene. 2006,6.6,960,"Cuando encuentran a un cartero congelado de los años 60 dentro de un glaciar de Springfield, surgen dudas sobre si Abe es realmente el padre de Homer."
17,Vamos por el camino hacia ninguna parte,29 ene. 2006,6.9,933,"Cuando Homer va rumbo a Las Vegas para encontrarse con sus amigos, debe desviarse para llevar a Bart a un campamento educativo. Mientras tanto, Marge descubre una sorprendente fuente de ingresos."
17,Mi bella damita,26 feb. 2006,6.4,1002,Bart y Lisa hacen una apuesta sobre si Lisa puede convertir al jardinero Willie en un verdadero caballero.
17,La historia aparentemente interminable,12 mar. 2006,7.6,1143,"En esta historia dentro de una historia dentro de otra historia dentro de otra, una expedición de exploración de cuevas, una oveja enfurecida y un Moe enamorado quedan inseparablemente entrelazados."
17,Bart tiene dos mamás,19 mar. 2006,7.0,962,"Marge comienza a cuidar a los hijos de Flanders, lo que lleva a Homer a pasar más tiempo con Bart y Lisa. Bart es secuestrado por un solitario chimpancé de cine."
17,"Homer Simpson, esta es tu esposa",26 mar. 2006,6.4,1278,"Como parte de un nuevo programa de Fox, los Simpson participan en un intercambio de esposas."
17,Abe del millón de dólares,2 abr. 2006,6.3,956,"Después de arruinar las posibilidades de Springfield de conseguir una franquicia de la NFL, el Abuelo va a un centro de suicidio asistido y luego se convierte en torero."
17,"Besa, besa, bang Bangalore",9 abr. 2006,7.2,1084,Homer es enviado a India cuando trasladan allí la planta nuclear. Selma y Patty secuestran a Richard Dean Anderson después de que él desprecia su club de fanáticas de MacGyver.
17,Las historias más mojadas jamás contadas,23 abr. 2006,6.7,938,"Mientras esperan la cena en El Holandés Frito, la familia empieza a contar tres historias sobre barcos: «Viaje en el Mayflower», «Motín a bordo» y «La aventura de Neptuno»."
17,Las chicas solo quieren sumar,30 abr. 2006,7.1,1044,"La Escuela Primaria de Springfield se divide en dos escuelas separadas —una para varones y otra para mujeres— después de que degradan al director Skinner. Preocupada porque los chicos reciben una educación de mayor calidad, Lisa se disfraza de varón."
17,Respecto de Margie,7 may. 2006,6.6,963,"Después de golpearse la cabeza con un banco, Marge sufre amnesia. Poco a poco sus recuerdos empiezan a regresar, salvo los relacionados con Homer."
17,El traje del mono,14 may. 2006,7.0,1022,"Después de ver una exposición de museo sobre la evolución en la que la creación es calificada como un mito, un indignado Ned Flanders se une al reverendo Alegría para presionar al director Skinner y obligarlo a enseñar creacionismo en las aulas, finalmente a costa de toda mención de la evolución. Lisa también se indigna y forma una organización estudiantil para enseñar evolución, lo que conduce a un juicio entre creacionismo y evolución al estilo de Heredarás el viento."
17,Homer y Marge juegan a ser pareja,21 may. 2006,6.3,991,Marge y Homer prueban suerte como consejeros matrimoniales de celebridades.
18,"El mafioso, el chef, la esposa y su Homer",10 sep. 2006,7.5,1253,"Cuando Tony el Gordo debe apartarse temporalmente tras un intento de asesinato, Homer y Bart se hacen cargo del negocio."
18,Jazz y los gatitos,17 sep. 2006,6.6,1106,Lisa se deprime cuando Bart se convierte en mejor músico de jazz que ella. Entonces decide instalar un refugio de animales en el ático de los Simpson.
18,"Por favor, Homer, no martilles",24 sep. 2006,6.7,1045,"Marge inicia su propio negocio de carpintería, pero Homer se convierte en la cara visible porque nadie toma en serio a una carpintera. Además, Bart aprovecha la alergia del director Skinner al maní."
18,La casita del horror XVII,5 nov. 2006,6.8,1229,Un meteorito transforma a Homer en una masa arrasadora con apetito voraz; Bart da vida a un gólem; una falsa invasión alienígena se vuelve real.
18,G.I. (gruñido molesto),12 nov. 2006,6.7,1074,Homer es engañado para alistarse en el Ejército y sus travesuras después del entrenamiento básico terminan provocando una ocupación militar de Springfield.
18,Moe y Lisa,19 nov. 2006,6.7,1024,"Lisa ayuda a Moe a convertirse en un poeta distinguido, pero se vuelve contra él cuando Moe se atribuye todo el mérito de su nueva grandeza."
18,El helado de Margie: con el cabello celeste,26 nov. 2006,6.9,1024,"Homer se convierte en heladero después de ser despedido de la planta, y Marge usa los palitos de helado sobrantes para crear figuras de arte popular."
18,La pareja del ja-ja,10 dic. 2006,7.1,996,"Bart y Nelson se convierten en mejores amigos, pero Bart descubre, sorprendido, que las ventajas de la amistad no compensan lo dependiente que es Nelson."
18,"Mata a Gil, vol. 1 y 2",17 dic. 2006,6.2,1065,"Los Simpson dejan que Gil se quede con ellos durante Navidad. Sin embargo, termina viviendo allí once meses porque Marge no logra decirle que no."
18,La esposa acuática,7 ene. 2007,6.5,1021,"Homer lleva a Marge de regreso a Bahía Percebe, donde pasaba sus queridas vacaciones de verano. Pero al llegar descubren que ya no es un destino turístico."
18,La venganza es un plato que se sirve mejor tres veces,28 ene. 2007,6.9,992,"Mientras Homer intenta vengarse de un conductor que se le cruzó, su familia le advierte sobre la insensatez de la venganza contándole historias basadas en «El conde de Montecristo», «La venganza de los nerds» y «Batman»."
18,Pequeña gran chica,11 feb. 2007,6.7,1090,Lisa adorna su ascendencia familiar como indígena estadounidense para un proyecto escolar; Bart obtiene una licencia de conducir y comienza una relación con una chica mayor.
18,Springfield al día,18 feb. 2007,7.2,1062,"Parodia de la serie británica de documentales «Up», en la que un cineasta sigue a Homer y sus amigos desde la escuela primaria hasta que llegan a los cuarenta años."
18,Acordes campesinos,4 mar. 2007,6.8,1040,"En esta parodia de La novicia rebelde (1965), Lisa se convierte en tutora de los siete hijos de Cletus, hasta que Krusty intenta explotarlos como artistas. Mientras tanto, Bart desarrolla un fuerte vínculo emocional con el psiquiatra que le asigna la escuela."
18,Romeo viejo y Juli-eh,11 mar. 2007,6.2,1004,"Selma y el Abuelo se enamoran y terminan casándose, un matrimonio al que se oponen tanto Homer como Patty."
18,Homerazzi,25 mar. 2007,7.0,1032,"Homer se convierte en un paparazzi exitoso, pero las celebridades de Springfield deciden vengarse de él."
18,Marge gamer,22 abr. 2007,7.2,1130,Marge decide descubrir qué ofrece Internet y pronto se engancha con un juego de rol en línea; Homer arbitra el partido de fútbol de Lisa.
18,Los chicos del fracaso,29 abr. 2007,5.8,1062,"Bart se convierte en la persona más odiada de Springfield después de ser el responsable de la derrota en un partido de béisbol por el campeonato, y el nuevo trabajo de Homer como vendedor de colchones arruina su vida sexual con Marge."
18,Ladrón y escalera,6 may. 2007,6.9,942,"Homer, Moe, Apu y el director Skinner se convierten en bomberos voluntarios. Pero que no reciban un sueldo no significa que no puedan encontrar una forma de obtener compensación."
18,Detente o mi perro disparará,13 may. 2007,6.8,953,"Homer lleva sin querer a la familia a un laberinto de maíz mientras intenta irse de un aburrido festival de cosecha al que Marge los llevó. Cuando todos menos Homer logran salir, Ayudante de Santa lo rescata y se convierte en héroe del pueblo. Los Simpson entonces lo inscriben en la Academia de Perros Policía, donde forma pareja con Lou."
18,24 minutos,20 may. 2007,8.1,1791,Bart y Lisa unen fuerzas para impedir que los abusones de la escuela hagan explotar una bomba fétida durante la venta de pasteles.
18,Kent no siempre puede decir lo que quiere,20 may. 2007,7.1,1114,"Después de que Kent Brockman es despedido como presentador de noticias, él y Lisa usan Internet para exponer la Conspiración de Fox News."
19,Le encanta volar y hace d'oh,23 sep. 2007,6.6,1090,Homer se enamora de los aviones privados después de viajar a Chicago con el señor Burns. Entonces Marge le contrata un «asesor de vida» para ayudarlo a pensar en positivo y encontrar un trabajo que le permita ganarse la vida volando.
19,Homer de Sevilla,30 sep. 2007,6.5,1078,"Homer se convierte en estrella de ópera después de que una lesión mejora su voz para cantar. Su nueva popularidad lo obliga a contratar a una asistente personal, que resulta ser una acosadora obsesionada."
19,Remolcador de medianoche,7 oct. 2007,7.1,1031,"Homer se convierte en el hombre más odiado del pueblo después de empezar a trabajar como conductor de grúa, y Marge le enseña a Maggie a no ser una bebé excesivamente dependiente."
19,No quiero saber por qué canta el pájaro enjaulado,14 oct. 2007,6.7,998,"Marge promete visitar en prisión a un ladrón de bancos condenado, pero tiene miedo de cumplir su palabra. Cuando el convicto escapa, Marge es la primera persona a la que va a visitar."
19,La casita del horror XVIII,4 nov. 2007,6.9,1112,El decimoctavo especial de Halloween de Los Simpson incluye parodias de las películas «E.T.» y «Sr. y Sra. Smith».
19,La pequeña huérfana Millie,11 nov. 2007,6.5,951,"Los padres de Milhouse se pierden en el mar, lo que lo convierte en un solitario problemático. Pero su nueva personalidad lo transforma en el chico más popular de la escuela, despertando los celos de Bart."
19,Maridos y cuchillos,18 nov. 2007,6.9,1112,"Cuando Marge se convierte en una empresaria exitosa, Homer teme que lo deje por un marido trofeo. Por eso decide someterse a cirugía plástica para verse más atractivo."
19,Funeral para un enemigo,25 nov. 2007,7.1,1093,"Bart es responsable de la muerte de Bob Patiño después de frustrar su último intento de venganza, pero ¿su muerte es realmente parte del plan?"
19,Eterno resplandor de una mente Simpson,16 dic. 2007,8.2,1545,"Homer acude al Dr. Frink para que lo ayude a recuperar sus recuerdos de la noche anterior y, a partir de su interpretación de ellos, descubre que Marge está teniendo una aventura."
19,E Pluribus Wiggum,6 ene. 2008,6.8,996,Springfield se convierte en sede de la primera primaria presidencial. Los habitantes pronto se cansan de que todos los candidatos intenten congraciarse con ellos y deciden apoyar a su propio candidato por voto escrito: Ralph Wiggum.
19,Ese show de los 90,27 ene. 2008,6.2,1551,"Homer y Marge les cuentan a los niños sobre su vida a comienzos de los años 90, antes de que nacieran, cuando Marge estudiaba en la Universidad de Springfield y Homer era el cantante principal de una banda de grunge."
19,Amor al estilo Springfield,17 feb. 2008,6.5,1029,"Una serie de parodias románticas del Día de San Valentín basadas en «Bonnie y Clyde», «La dama y el vagabundo» y «Sid y Nancy»."
19,El infiltrado,2 mar. 2008,7.6,1280,El nuevo bromista de cuarto grado de Bart resulta ser en realidad un topo introducido por el director Skinner para infiltrarse en el círculo cercano de Bart. Homer se enamora del auto prestado que recibe después de que Marge destroza el suyo.
19,Marca «N» de nerd,9 mar. 2008,7.3,1061,"Una de las bromas de Bart provoca la muerte de Martin, pero Lisa no quiere que confiese porque sería considerada cómplice. Marge contrata a un equipo de televisión para averiguar si Homer está engañando su dieta."
19,Humo sobre la hija,30 mar. 2008,6.6,964,"Marge hace que Lisa practique ballet, principalmente para que cumpla los sueños que ella tenía de niña. Lisa cede a la presión de sus compañeras y empieza a fumar. Mientras tanto, Homer y Bart intentan montar su propio negocio de carne seca."
19,"Papá, no te aproveches",13 abr. 2008,5.9,941,"Cuando los Simpson descubren que Lurleen Lumpkin está pasando por un mal momento, Marge acepta de mala gana recibirla en casa y ayudarla a encontrar al padre irresponsable que la abandonó 30 años atrás."
19,Vaca apocalíptica,27 abr. 2008,6.7,979,"Bart intenta salvar del matadero a la vaca que crió para su club 4-H y, en el proceso, termina comprometido accidentalmente con una de las hijas de Cletus."
19,Cualquier Sundance,4 may. 2008,7.0,985,"El documental de Lisa sobre su familia es aceptado en el Festival de Cine de Sundance. Sin embargo, su familia se enfurece cuando descubre que la película no los deja precisamente bien parados."
19,Mona se va,11 may. 2008,7.0,995,"La madre de Homer muere y, como parte de su testamento, le pide que esparza sus cenizas. Sin embargo, su pedido resulta formar parte de su último acto de rebelión contra el sistema."
19,Todo sobre Lisa,18 may. 2008,6.3,908,"En una parodia de «La malvada», Lisa traiciona a Krusty, ocupa su trabajo y gana un prestigioso premio. Mientras tanto, Homer y Bart empiezan a coleccionar monedas."
20,"Sexo, pasteles y raspaduras idiotas",28 sep. 2008,7.2,1219,"Homer y Ned se asocian como cazarrecompensas, y Marge consigue trabajo en una panadería erótica."
20,Verizon perdido,5 oct. 2008,6.9,1075,Bart se mete en problemas con Marge cuando ella descubre que tiene el teléfono celular de Denis Leary y que lo usa para hacer bromas telefónicas.
20,"Doble, doble, chico en problemas",19 oct. 2008,6.8,1037,"Bart intercambia su vida con la de un multimillonario idéntico a él, pero descubre que la vida de su doble no es todo lo que imaginaba."
20,La casita del horror XIX,2 nov. 2008,7.1,1215,"El 19.º especial de Halloween de Los Simpson, con parodias de «Transformers», «Mad Men» y «Es la Gran Calabaza, Charlie Brown»."
20,Curvas peligrosas,9 nov. 2008,6.5,977,"Los Simpson pasan las vacaciones del 4 de Julio en un hotel de cabañas, lo que lleva a Homer y Marge a recordar dos episodios de su pasado en los que se alojaron allí."
20,Homer y Lisa intercambian palabras cruzadas,16 nov. 2008,7.0,977,"Homer consigue trabajo separando parejas y Lisa se convierte en experta en resolver crucigramas, pero Homer apuesta en su contra durante una competencia."
20,MyPods y explosivos,30 nov. 2008,7.1,1140,"Homer sospecha que la familia del nuevo amigo musulmán de Bart, procedente de Jordania, forma parte de un complot terrorista, y Lisa se obsesiona con su nuevo MyPod."
20,Burns y las abejas,7 dic. 2008,6.5,979,"El señor Burns gana un equipo profesional de básquet en una partida de póquer, y el nuevo estadio que planea hacer construir en Springfield amenaza con interferir con el nuevo santuario de abejas de Lisa."
20,"Lisa, la reina del drama",25 ene. 2009,5.9,1110,"Lisa y su nueva mejor amiga crean su propio mundo de fantasía, pero Marge ya no quiere que Lisa vea a su amiga cuando descubre hasta qué punto están inmersas en él."
20,"Toma mi vida, por favor",15 feb. 2009,6.9,934,Homer descubre que en realidad ganó la elección de presidente de su curso en la secundaria y tiene la oportunidad de averiguar cómo habría sido diferente su vida si aquello hubiera ocurrido.
20,Cómo se ganó el examen,1 mar. 2009,6.9,939,"Bart y sus compañeros de bajo rendimiento son llevados de «excursión» a Ciudad Capital para que se pierdan el examen estandarizado, mientras Homer se asegura de que no pase nada malo hasta que vuelva a entrar en vigencia su seguro."
20,"Sin préstamo otra vez, naturalmente",8 mar. 2009,6.8,925,"Los Simpson pierden su casa, pero Flanders la compra y se la ofrece en alquiler. Cuando resultan ser inquilinos poco confiables, Flanders los echa."
20,Maggie se fue,15 mar. 2009,7.1,1065,"Para rescatar a Maggie de un orfanato católico, Lisa debe resolver una serie de acertijos que revelarán la identidad de una gema capaz de traer paz a Springfield."
20,En nombre del abuelo,22 mar. 2009,6.3,975,"Los Simpson llevan al Abuelo a Irlanda para que vuelva a visitar un pub al que iba durante la guerra, pero Homer y el Abuelo terminan engañados para comprar el bar."
20,Boda para el desastre,29 mar. 2009,6.6,888,"Homer es secuestrado momentos antes de que él y Marge vuelvan a renovar sus votos. Sin embargo, Marge llega a la conclusión de que Homer la dejó plantada en el altar."
20,Pequeña Maya Moe,5 abr. 2009,7.1,966,"Moe empieza a salir con una mujer de baja estatura que conoció por Internet, mientras Maggie sufre acoso en el parque de juegos junto al bar de Moe, donde Homer la deja."
20,"El bueno, el triste y el drogado",19 abr. 2009,7.1,994,"Bart hace que Milhouse cargue con la culpa por una broma escolar y luego lo ignora cuando se enamora de una linda alumna de quinto grado muy solidaria, provocando la furia de Milhouse. Mientras tanto, Lisa empieza a tomar «píldoras felices» para mejorar su visión negativa de la vida."
20,Papá sabe peor,26 abr. 2009,6.9,919,"Homer se convierte en un «padre helicóptero» en la Escuela Primaria de Springfield al ayudar a Bart a terminar un proyecto y a Lisa a hacerse popular, mientras Marge encuentra una sauna secreta en su casa."
20,"Waverly Hills, 9021-D'Oh",3 may. 2009,7.1,1011,Los Simpson establecen una residencia falsa en Waverly Hills para que Bart y Lisa puedan asistir a la escuela allí.
20,Cuatro grandes mujeres y una manicura,10 may. 2009,6.3,944,"Una serie de parodias basadas en cuatro mujeres fuertes: la reina Isabel, Blancanieves, Lady Macbeth y Ayn Rand."
20,Llegando a Homerica,17 may. 2009,7.2,1052,Los habitantes construyen un muro alrededor de Springfield para impedir que los «inmigrantes» de Ogdenville se muden a su ciudad.
21,Homer el grandote,27 sep. 2009,7.0,1121,"Un estudio de Hollywood realiza una película basada en «Everyman», el personaje de historieta creado por el Hombre de las Historietas, y Homer obtiene el papel principal. Sin embargo, sus fluctuaciones de peso causan problemas a la producción."
21,Bart obtiene una «Z»,4 oct. 2009,6.5,975,"Cuando una broma de Bart hace que despidan a la señora Krabappel de la Escuela Primaria de Springfield, él intenta compensarla sin dejar que sepa que fue el responsable."
21,La gran esperanza de la esposa,11 oct. 2009,6.1,896,Marge se enfrenta en el ring al dueño de una liga de artes marciales para conseguir que ese deporte sea prohibido en Springfield.
21,La casita del horror XX,18 oct. 2009,7.3,1106,"Lisa se enfurece con la señorita Hoover y, en una serie de homenajes a clásicos de Hitchcock, busca una venganza mortal. Luego, el nuevo sándwich de comida rápida de Krusty transforma al presentador Kent Brockman en un zombi furioso y, veintiocho días después, zombis caníbales han invadido Springfield. En la última historia aterradora, Homer cae accidentalmente por una trampilla en la taberna de Moe y queda atravesado por las tuberías de la microcervecería. Moe sirve a los clientes una deliciosa cerveza saborizada con la sangre de Homer y Homer, ahora mitad hombre y mitad equipo cervecero, regresa para..."
21,El diablo viste de nada,15 nov. 2009,6.6,871,"Marge redescubre su sexualidad después de aparecer en un calendario atrevido, pero Homer está demasiado agotado para responder a sus avances porque su nuevo jefe, Carl, lo hace trabajar hasta el límite."
21,Bromas y verdes,22 nov. 2009,6.6,860,"Bart conoce al chico responsable de la mayor broma en la historia de la Escuela Primaria de Springfield y descubre que ahora es un perdedor de 19 años. Mientras tanto, reprenden a Marge por ofrecer refrigerios poco saludables al grupo de juegos de Maggie."
21,Campesinos y escobas,29 nov. 2009,6.7,864,"Homer se vuelve experto en alcohol casero cuando empieza a pasar tiempo con Cletus después de que este salva la vida de los Simpson, mientras Lisa se hace amiga de tres adolescentes wiccanas."
21,"Oh, hermano, ¿dónde estás, Bart?",13 dic. 2009,7.1,915,"Bart siente celos del vínculo especial entre Maggie y Lisa como hermanas, así que va a un orfanato y «adopta» a un hermano menor."
21,Los jueves con Abie,3 ene. 2010,6.6,804,"Homer se pone celoso cuando un columnista de prensa sindicado empieza a publicar las historias del Abuelo, mientras a Bart le encargan cuidar durante el fin de semana la oveja de peluche de la clase."
21,Érase una vez en Springfield,10 ene. 2010,6.5,861,"La hostilidad entre Krusty y la nueva coprotagonista femenina que le imponen pronto se transforma en romance, mientras un reclutador anima a Homer, Lenny y Carl a aceptar un trabajo en otra planta nuclear."
21,Quizá un millón de dólares,31 ene. 2010,7.0,861,Homer no puede contarle a Marge que ganó la lotería porque debía estar dando un brindis de boda cuando compró el boleto. Pero Bart pronto descubre dónde esconde el dinero y empieza a chantajearlo.
21,Chico conoce curling,14 feb. 2010,6.7,887,"Homer y Marge se convierten en miembros del equipo olímpico estadounidense de curling. Durante los juegos, Lisa se vuelve adicta a coleccionar pines y Bart intenta salvarla."
21,El color amarillo,21 feb. 2010,6.4,862,"Mientras busca un antepasado admirable para un proyecto escolar, Lisa descubre la historia de una pariente llamada Eliza Simpson, que quizá ayudó o quizá no a un esclavo a escapar hacia la libertad."
21,Postales desde la cuña,14 mar. 2010,6.9,797,"Cuando Bart intenta sin éxito enfrentar a Homer y Marge entre sí, idea una broma peligrosa que sin duda conseguirá llamar su atención."
21,Robando la primera base,21 mar. 2010,7.0,893,"Bart mete a la Escuela Primaria de Springfield en problemas legales cuando besa a la enigmática hija de dos abogados, mientras Lisa está deprimida por ser marginada debido a su inteligencia."
21,La historia más grandiosa jamás d'oh-da,28 mar. 2010,5.6,1075,"Ned lleva a los Simpson en peregrinación a Israel para intentar salvar a Homer, pero pronto descubre que quizá no valga la pena salvarlo."
21,Historia estadounidense X-celente,11 abr. 2010,6.5,802,"El señor Burns es enviado a prisión por robo de arte, donde un aterrador recluso lo introduce en la religión. Mientras tanto, Smithers se convierte en jefe de la planta y Bart y Lisa intentan compartir una granja de hormigas."
21,Jefe de corazones,18 abr. 2010,6.8,801,"La nueva amistad entre Homer y el jefe Wiggum se pone a prueba cuando el jefe se vuelve dependiente después de recibir un disparo, mientras Marge sospecha que Bart podría estar vendiendo drogas."
21,El pequeño y la ballena,25 abr. 2010,6.8,828,"Después de una violenta tormenta, Lisa intenta movilizar a los habitantes para rescatar a una ballena varada en la playa."
21,Vigilar con amor,2 may. 2010,7.1,872,"Springfield cubre el pueblo con cámaras de vigilancia después de que Homer provoca una falsa alarma de bomba en la estación de tren. Mientras tanto, Lisa considera teñirse de morena para que la gente la tome más en serio."
21,El blues de la carta de Moe,9 may. 2010,6.8,827,"Homer, Apu y el reverendo Alegría sospechan que Moe podría haberse ido con una de sus esposas después de recibir una misteriosa carta, pero ¿con cuál?"
21,El Bob de al lado,16 may. 2010,7.2,933,Bart está convencido de que el nuevo vecino amable y discreto de los Simpson es en realidad Bob Patiño disfrazado.
21,Júzgame con ternura,23 may. 2010,6.4,851,"La personalidad brusca y áspera de Moe lo convierte en el juez hipercrítico perfecto y le consigue un lugar en American Idol. Mientras tanto, Homer incomoda a Marge cuando empieza a pasar más tiempo en casa ahora que el bar de Moe está cerrado."
22,Musical de la escuela primaria,26 sep. 2010,6.0,1048,"Mientras Homer y Bart acompañan a Krusty a Oslo para que reciba el Premio Nobel de la Paz, Marge inscribe a Lisa por una semana en un campamento de artes escénicas."
22,Préstamo para Lisa,3 oct. 2010,6.7,818,"Lisa usa los 50 dólares que recibe del Abuelo para darle a Nelson un microcrédito que impulse su negocio de bicicletas, pero pronto se arrepiente de la decisión."
22,MoneyBart,10 oct. 2010,6.7,875,"Lisa se convierte en entrenadora del equipo de béisbol de Bart y utiliza análisis estadístico para construir un equipo ganador, pero elimina toda la diversión y hace que Bart abandone el equipo."
22,La casita del horror XXI,7 nov. 2010,7.0,1074,Un juego de mesa satánico hace que otros juegos populares cobren vida; Homer y Marge rescatan a un posible asesino y lo dejan subir a su barco; y una parodia de «Crepúsculo» en la que Lisa se enamora de un joven vampiro.
22,"Lisa Simpson, esta no es tu vida",14 nov. 2010,7.1,836,"Cuando Lisa descubre que Marge también fue una alumna modelo, intenta averiguar en qué momento cambió todo para no repetir sus errores. Mientras tanto, una serie de accidentes fortuitos hace que Bart reemplace a Nelson como abusón de la escuela."
22,El tonto Monty,21 nov. 2010,6.3,792,"Después de que el señor Burns descubre que está muriendo, sufre un accidente y pierde la memoria, y todos los habitantes aprovechan la situación para vengarse de él."
22,¿Cuánto se comió ese pajarito de la ventana?,28 nov. 2010,6.2,805,"Bart adopta una paloma mensajera, pero Ayudante de Santa se la come."
22,La pelea antes de Navidad,5 dic. 2010,6.7,878,Marge se deprime cuando el resto de la familia no entra en el espíritu navideño y escribe una carta esperando recibir ayuda; el señor Burns y el nuevo amigo de Moe retrasan a los Simpson mientras intentan viajar a Hawái para las fiestas.
22,Donnie Fatso,12 dic. 2010,6.9,863,"Homer va a prisión después de intentar librarse de una serie de multas mediante un soborno, pero acepta una reducción de condena a cambio de informar al FBI sobre Tony el Gordo."
22,Mamás que quisiera olvidar,9 ene. 2011,6.1,767,Bart intenta descubrir el origen de una cicatriz con forma de espada en su mano; Marge vuelve a ponerse en contacto con tres amigas con las que se distanció años atrás.
22,Moe flameante,16 ene. 2011,6.6,839,Moe intenta mantener en secreto su «heterosexualidad» cuando abre un bar gay; Skinner se enamora de una nueva maestra.
22,"Homer, el padre",23 ene. 2011,6.9,785,Homer obtiene consejos de crianza de una comedia televisiva de los años 80; Bart se ve involucrado en el tráfico de secretos nucleares.
22,El azul y el gris,13 feb. 2011,6.7,780,"Moe contrata a Homer como compañero para conquistar mujeres, solo para descubrir que Homer tiene más suerte con ellas que él; Marge encuentra su primera cana."
22,Papá enojado: la película,20 feb. 2011,7.1,929,"El personaje «Papá Enojado» de Bart obtiene su propia película, pero cuando esta empieza a ganar premios, Homer intenta quedarse con todo el mérito."
22,El cuento del escorpión,6 mar. 2011,6.6,825,El proyecto escolar de Lisa lleva al descubrimiento de un nuevo medicamento que hace que los ancianos sean menos malhumorados y más tolerables.
22,Lindos sueños de una noche de verano,13 mar. 2011,5.9,794,"Después de que Tommy Chong abandona la gira de reunión de Cheech & Chong, Homer sale de gira como su reemplazo. Mientras tanto, Marge intenta ayudar a la señora de los gatos con su problema de acumulación compulsiva."
22,El amor es algo muy estrangulado,27 mar. 2011,6.1,810,Las cosas se invierten para Homer y Bart después de que un terapeuta cura a Homer de sus tendencias violentas hacia el niño.
22,La gran Simpsina,10 abr. 2011,6.8,820,"La familia es recibida por el cantante folk Ewell Freestone cuando visita una granja de duraznos, pero cuando Marge se excede con platos inspirados en esa fruta, Lisa y Bart intentan deshacerse del excedente. Más tarde, Lisa se convierte en aprendiz del legendario mago Gran Raymondo, quien la ayuda a desarrollar su talento, pero un enamoramiento escolar nubla su juicio cuando la convencen de revelar el truco más famoso de Raymondo a su falso archienemigo. Cuando el acto del mago rival se vuelve peligroso, el Gran Raymondo aún guarda un último truco bajo la manga y prepara..."
22,Las verdaderas amas de casa de Tony el Gordo,1 may. 2011,6.4,806,"Selma se enamora de Tony el Gordo y se casa con él, y Lisa descubre que Bart tiene habilidad para encontrar trufas."
22,Homer Manostijeras,8 may. 2011,7.0,809,"Homer abre su propio salón después de descubrir que tiene talento como estilista, y Lisa sospecha cuando Milhouse consigue una novia de quinto grado."
22,500 llaves,15 may. 2011,7.1,871,"Mientras Homer da una vuelta por diversión en el dirigible Duff, Lisa descubre una habitación secreta en el sótano de la Escuela Primaria de Springfield."
22,La captura más Ned-liciosa,22 may. 2011,6.9,857,"Cuando Krabappel es suspendida y castigada después de lastimar a Bart, Bart intenta ayudarla a escapar, pero Flanders termina siendo quien le salva la vida. Poco después, Ned descubre que Edna también salió con otros hombres como Homer, Skinner, el Hombre de las Historietas y el baterista de Aerosmith Joey Kramer."
23,El halcón y el D'Ohman,25 sep. 2011,7.0,1061,"Homer intenta hacerse amigo del nuevo guardia de seguridad de la planta nuclear, quien por algún motivo no está interesado y sigue teniendo recuerdos de su violento pasado como agente del gobierno."
23,Bart se detiene a oler a los Roosevelt,2 oct. 2011,7.0,902,"El superintendente Chalmers es despedido después de usar métodos poco convencionales para enseñarles a Bart y sus amigos sobre Teddy Roosevelt, así que los chicos toman el control de la Escuela Primaria de Springfield hasta que él recupera su trabajo."
23,La casita del horror XXII,30 oct. 2011,6.4,1046,"Homer realiza una peligrosa excursión por un cañón aislado de Candy Peak, pero una roca que cae le atrapa el brazo y debe imitar a Aron Ralston para salvarse. En «La escafandra y la bola de manteca», el primero de tres relatos de Halloween, la picadura de una araña venenosa deja paralizado a Homer, pero Lisa descubre que puede comunicarse mediante gases naturales y así expresar su amor por Marge. Los hechizos asesinos continúan en «Marca D de Diddly», donde Ned Flanders, devoto predicador de día, se convierte en un justiciero de sangre fría por la noche. En el aterrador final..."
23,Tú eres reemplazable,6 nov. 2011,6.4,786,"Homer es traicionado por su nueva asistente en el trabajo y termina trabajando para ella, mientras Bart y Martin crean un proyecto científico que alegra a los ancianos del Castillo de Retiro de Springfield."
23,La esposa gourmet,13 nov. 2011,7.0,892,"Homer teme haber dejado de ser el padre divertido después de que Marge, Bart y Lisa se convierten en aficionados a la gastronomía."
23,El trabajo del libro,20 nov. 2011,7.9,1198,"Homer y Bart reúnen un equipo para escribir la próxima saga exitosa de novelas juveniles y ganar un millón de dólares, pero descubren que necesitan la ayuda de Lisa para lograrlo."
23,El hombre de los pantalones de franela azul,27 nov. 2011,6.6,776,"Homer es ascendido a gerente de cuentas en la planta nuclear, pero pronto descubre que el trabajo te roba el alma. Mientras tanto, Lisa le presenta a Bart «Mujercitas»."
23,La solución del diez por ciento,4 dic. 2011,6.0,758,"Krusty el Payaso entra en una mala racha cuando la cadena de televisión retira su programa del aire y su agencia de talentos deja de representarlo. Pero cuando los Simpson le presentan a la veterana agente Annie, descubren que ella fue la primera representante de Krusty. A pesar de su relación conflictiva, Annie acepta volver a representarlo y preparar su regreso profesional. Cuando el relanzamiento retro de su programa de comedia recibe elogios de la crítica, Krusty debe decidir entre quedarse con su agente o ponerse del lado de los ejecutivos de la cadena."
23,Fiestas del futuro pasado,11 dic. 2011,8.2,1519,"Treinta años en el futuro, los Simpson se reúnen para Navidad. Bart y Lisa tienen dificultades como padres para conectar con sus hijos."
23,"Políticamente inepto, con Homer Simpson",8 ene. 2012,5.9,868,"Homer se convierte en conductor de un popular programa político de entrevistas, inicia un movimiento del «hombre común» en Springfield y termina eligiendo personalmente a Ted Nugent como candidato republicano a presidente."
23,La red d'oh-cial,15 ene. 2012,6.9,895,"Lisa crea una red social en línea que se convierte en una obsesión en Springfield, pero luego ella misma se vuelve víctima del rechazo de los usuarios."
23,Moe pasa de los harapos a la riqueza,29 ene. 2012,5.6,927,"Mientras Bart intenta recuperar la amistad de Milhouse, el trapo de limpieza del bar de Moe cuenta la improbable historia de cómo llegó hasta donde está hoy."
23,La hija también se levanta,12 feb. 2012,6.2,773,"Lisa se enamora de un joven aventurero al estilo de Hemingway, mientras Bart y Milhouse intentan desmentir todos los mitos que rodean a la Escuela Primaria de Springfield."
23,Por fin nos vamos,19 feb. 2012,6.9,916,"El pueblo vota para expulsar a los Simpson de Springfield, así que deciden mudarse a las Tierras Exteriores."
23,Salida por el Kwik-E-Mart,4 mar. 2012,6.8,752,"Bart se convierte en un vándalo urbano y decide usar a Homer como inspiración, mientras Apu atraviesa tiempos difíciles cuando un nuevo mercado de moda se lleva a todos los clientes del Kwik-E-Mart."
23,Cómo mojé a tu madre,11 mar. 2012,7.2,930,La familia entra en los sueños de Homer al estilo de «El origen» después de que él empieza a mojar la cama.
23,"Ellos, robot",18 mar. 2012,6.9,858,"El señor Burns reemplaza a todos los empleados de la planta nuclear por robots, excepto a Homer, que se queda para supervisarlos y servir como chivo expiatorio humano."
23,Cuidado con mi Bart infiel,15 abr. 2012,7.0,814,"La novia de Jimbo le es infiel con Bart, y Homer usa su nueva cinta caminadora para ponerse al día con una serie de televisión sobre sobrevivientes de un accidente aéreo varados en una isla."
23,Una cosa totalmente divertida que Bart nunca volverá a hacer,29 abr. 2012,7.5,1017,Bart convence a la familia de tomar las vacaciones en crucero de sus sueños y luego pone en marcha un plan diabólico para asegurarse de que duren para siempre.
23,El espía que me enseñó,6 may. 2012,6.7,687,"Homer utiliza su licencia por enfermedad paga para mejorar su matrimonio con la ayuda de su amigo imaginario, el superespía Stradivarius Cain. Mientras tanto, Bart se venga de Nelson por robarles a todos el dinero del almuerzo."
23,La mezcla de Ned y Edna,13 may. 2012,6.5,753,"Después de que Ned y Edna anuncian públicamente que se casaron en secreto, ambos chocan por la forma de criar a Rod y Todd."
23,Lisa se vuelve Gaga,20 may. 2012,3.9,2189,"Después de que un intento desesperado de Lisa por volverse más popular sale mal, Lady Gaga aparece en Springfield para ayudarla con su autoestima."
24,Río de luz de luna,30 sep. 2012,6.3,963,"Los Simpson regresan a Nueva York para que Bart pueda encontrar a su antigua novia Mary Spuckler. Mientras tanto, Lisa y Marge pasan el viaje intentando disfrutar de la cultura neoyorquina con poco dinero."
24,La casita del horror XXIII,7 oct. 2012,7.2,1000,"Un agujero negro amenaza con tragarse Springfield, Homer intenta encontrar la fuente de actividad paranormal y hay una parodia de «Volver al futuro» en la que Bart impide que Marge se case con Homer."
24,Aventuras para conseguir un bebé,4 nov. 2012,6.8,769,"Marge decide que quiere otro bebé, pero Homer no. Mientras tanto, Bart intenta averiguar adónde va Lisa en secreto después de la escuela."
24,Abe se fue,11 nov. 2012,6.6,714,"Homer invierte el fondo universitario de Lisa en un sitio de póquer en línea. Mientras tanto, Abe desaparece del Castillo de Retiro de Springfield."
24,Tipos de centavos,18 nov. 2012,6.2,720,"Tony el Gordo debe cumplir con el deber de jurado y su asistente, Dan, tiene que dirigir la mafia mientras él está fuera. Mientras tanto, Lisa considera hacer un cambio desagradable en su dieta."
24,Un árbol crece en Springfield,25 nov. 2012,6.2,737,"Homer se vuelve adicto a su nueva tableta. Pero cuando se destruye, cae en la desesperación hasta que encuentra esperanza para él y para Springfield en el lugar menos esperado."
24,El día que la Tierra se volvió cool,9 dic. 2012,6.9,850,"Homer se hace amigo de un hipster e invita a su familia a mudarse a la casa de al lado. Sin embargo, la amistad pronto se deteriora mientras Springfield se transforma en un refugio de gente «cool»."
24,"Al perro, con amor",16 dic. 2012,7.1,747,"Cuando Homer no muestra remordimiento por casi perder a Ayudante de Santa, el Abuelo les cuenta a todos la historia del perro que Homer tuvo de niño."
24,Homer va a la escuela de supervivencia,6 ene. 2013,6.6,697,"Homer se une a los «Preparacionistas de Springfield», un grupo de supervivencia fuera de la red cuyo líder instaló un refugio ultrasecreto en las afueras del pueblo para prepararse para el fin del mundo."
24,Un examen antes de intentarlo,13 ene. 2013,6.9,704,"El destino de la Escuela Primaria de Springfield depende de Bart y de sus resultados en un examen, mientras Homer encuentra una manera de ganar dinero con su propio parquímetro."
24,Cambio de tutor,27 ene. 2013,6.4,704,Homer y Marge encuentran a la pareja joven perfecta y les piden que sean los tutores de los niños si algo les sucede.
24,El amor es algo muy astillado,10 feb. 2013,6.2,780,"Mary Spuckler regresa a Springfield y comienza una relación con Bart. Sin embargo, Bart la trata con falta de respeto."
24,Apenas Kirk,17 feb. 2013,6.9,734,"Bart hace pasar a Milhouse por su padre para que puedan realizar actividades de adultos, y Homer se vuelve hábil para encontrar objetos perdidos gracias a la revista Highlights."
24,Abuelo magnífico,3 mar. 2013,6.1,750,"La obsesión de Homer con el programa «Storage Battles» lleva a la familia a descubrir el pasado del Abuelo como «Gorgeous Godfrey», el villano más temido de la historia de la lucha libre profesional."
24,"Ojo morado, por favor",10 mar. 2013,6.8,747,"Ned se harta de Homer y le da un puñetazo en el ojo, mientras Lisa se convierte en víctima de acoso por parte de su nueva maestra suplente."
24,Tribunal del Caballero Oscuro,17 mar. 2013,6.9,753,"Cuando Bart es acusado de una broma que asegura no haber cometido, Lisa se ve obligada a defenderlo ante un tribunal juvenil, con la exfiscal general Janet Reno como jueza."
24,Lo que quieren las mujeres animadas,14 abr. 2013,6.3,719,"Homer piensa cuál será su próximo movimiento después de meterse en problemas con Marge, mientras la nueva personalidad de Milhouse inspirada en Stanley Kowalski lo vuelve repentinamente atractivo para Lisa."
24,Fricción en el púlpito,28 abr. 2013,6.3,699,"Springfield sufre una alarma por chinches, el nuevo pastor asistente de la iglesia designa a Homer como diácono y Marge pierde su vestido de novia."
24,Negocio de whisky,5 may. 2013,6.7,651,Un cambio de imagen podría poner a Moe en condiciones de ganar mucho dinero; Bart fracasa en su trabajo de cuidar al Abuelo; y Lisa lucha contra la explotación descarada de la imagen de Encías Sangrantes Murphy.
24,El fabuloso chico farsante,12 may. 2013,6.1,713,"Bart toma clases de piano con una linda chica rusa, Marge intenta enseñarle a conducir al padre de la joven y Homer pierde el último cabello que le quedaba."
24,La saga de Carl,19 may. 2013,7.0,796,"Homer, Moe, Lenny y Carl ganan la lotería, pero Carl roba el boleto y se lleva el dinero a Islandia."
24,Peligros en un tren,19 may. 2013,6.8,722,"Cuando Marge intenta comprarle a Homer unos pastelitos para su aniversario, termina conociendo a un hombre casado que comparte su amor por la televisión británica."
25,Homerland,29 sep. 2013,6.8,1010,Homer regresa cambiado de una convención de energía nuclear y Lisa empieza a sospechar que se ha convertido en un terrorista doméstico.
25,La casita del horror XXIV,6 oct. 2013,6.9,1045,"El especial de Halloween más aterrador de Los Simpson hasta el momento, con una apertura de Guillermo del Toro."
25,Cuatro arrepentimientos y un funeral,3 nov. 2013,6.3,801,"Mientras asisten a un funeral, Homer, Marge, el señor Burns y Kent Brockman recuerdan un arrepentimiento del pasado e intentan encontrar la manera de corregirlo."
25,YOLO,10 nov. 2013,6.4,813,"Homer queda impactado al comprender que solo vivirá una vez. Un amigo por correspondencia de su juventud lo ayuda a aprovechar su vida al máximo. Mientras tanto, la Escuela Primaria de Springfield implementa un código de honor."
25,Dolores de parto,17 nov. 2013,6.8,761,"Homer ayuda a cuidar a un niño cuyo parto asistió dentro de un ascensor, y Lisa intenta organizar a las animadoras de los Átomos de Springfield contra el codicioso dueño del equipo."
25,La niña está bien,24 nov. 2013,6.3,803,Lisa se angustia cuando descubre que su nueva amiga es republicana y ambas terminan compitiendo entre sí para ser representantes de segundo grado en la Escuela Primaria de Springfield.
25,Subterfugio amarillo,8 dic. 2013,6.8,788,El director Skinner promete a los alumnos que los mejor portados podrán viajar en un submarino. Bart cree que sus faltas del pasado serán olvidadas. Lisa intenta ayudar a Krusty sugiriéndole vender los derechos internacionales de sus programas.
25,Blues de Navidad blanca,15 dic. 2013,6.4,761,"Cuando un repentino aumento del turismo hace que la familia no pueda costear la Navidad, los Simpson abren su casa a huéspedes."
25,Roba este episodio,5 ene. 2014,7.6,1108,"Harto del elevado precio de las películas de Hollywood, Homer empieza a proyectar películas pirateadas en su patio, pero el FBI lo atrapa después de que Marge lo denuncia."
25,Casado con la masa,12 ene. 2014,6.9,834,El Hombre de las Historietas le pide consejos amorosos a Homer cuando se enamora de una mujer japonesa interesada en el manga.
25,Anteojos y la ciudad,26 ene. 2014,7.1,788,"El regalo de Navidad del señor Burns a sus empleados, unas gafas de realidad aumentada, pone presión sobre la relación de Homer y Marge. Mientras tanto, Bart duda sobre darle una tarjeta de San Valentín a Nelson."
25,Diggs,9 mar. 2014,6.2,806,"Bart se hace amigo de un compañero de escuela aficionado a la cetrería, pero resulta tener graves problemas emocionales."
25,El hombre que creció demasiado,9 mar. 2014,6.6,832,"Lisa se hace amiga de Bob Patiño, quien ahora trabaja con alimentos modificados genéticamente. Mientras tanto, Marge se frustra al enseñar abstinencia para la iglesia."
25,El invierno de su satisfacción,16 mar. 2014,6.6,759,"Cuando Abe y dos de sus amigos se mudan con los Simpson después del cierre del Castillo de Retiro de Springfield, Homer empieza a adoptar su estilo de vida. Mientras tanto, Nelson incorpora a Bart al grupo de abusones después de salir en su defensa."
25,La guerra del arte,23 mar. 2014,6.8,744,La amistad entre los Simpson y los Van Houten se pone a prueba cuando descubren que una pintura que los Simpson compraron en una venta de garaje de los Van Houten es extremadamente valiosa.
25,No tienes que vivir como un árbitro,30 mar. 2014,6.7,773,"Homer se convierte en árbitro del Mundial y, cuando los Simpson viajan a Brasil, debe resistir intentos de soborno."
25,Luca$,6 abr. 2014,6.3,761,"Marge se preocupa cuando Lisa empieza a salir con un aspirante a comedor competitivo, mientras Bart recibe regalos de Snake Jailbird por haberlo ayudado."
25,Días del futuro futuro,13 abr. 2014,6.8,899,"Treinta años en el futuro, Bart tiene problemas para afrontar su divorcio, Lisa lucha con su matrimonio con Milhouse y Marge finalmente se harta después de enterrar otro clon de Homer."
25,Qué esperar cuando Bart está esperando,27 abr. 2014,5.7,779,Bart se convierte en salvador de las parejas de Springfield que intentan concebir después de usar vudú accidentalmente para embarazar a su profesora de arte.
25,De ladrillo como yo,4 may. 2014,7.8,1249,La versión Lego de Homer empieza a sospechar que todo su mundo de Lego no es real cuando un juguete desencadena un recuerdo de una realidad alternativa.
25,Pay Pal,11 may. 2014,6.5,748,"Cuando Homer arruina las posibilidades de él y Marge de hacerse amigos de otra pareja, Marge decide concentrarse en encontrarle una amiga a Lisa. Sin embargo, Lisa de pronto consigue una nueva amiga por su cuenta."
25,La medalla amarilla de la cobardía,18 may. 2014,6.5,740,"Bart gana la carrera anual del «último día de clases», con un poco de ayuda de Nelson, y Homer intenta recuperar los fuegos artificiales del 4 de Julio, cancelados por recortes presupuestarios."
26,Payaso deprimido,28 sep. 2014,5.6,1036,"Krusty sufre una crisis de conciencia y se retira del espectáculo después de que su padre muere sin haber aprobado nunca su carrera. Mientras tanto, Lisa se preocupa por la salud y la esperanza de vida de Homer."
26,El naufragio de la relación,5 oct. 2014,6.8,842,"Homer y Bart se hacen a la mar para mejorar su relación, y Marge se convierte en víctima de insultos después de seleccionar el equipo de fantasy football de Homer."
26,Superfranquíciame,12 oct. 2014,6.4,795,"Marge abre una franquicia de sándwiches después de que sus preparaciones se vuelven un gran éxito en la Escuela Primaria de Springfield. Pero administrar el local día a día resulta difícil, especialmente cuando la misma franquicia abre otra sucursal enfrente."
26,La casita del horror XXV,19 oct. 2014,7.4,1094,"El 25.º especial anual de Halloween de «Los Simpson» incluye una dimensión alternativa, una pandilla al estilo de «La naranja mecánica» liderada por Moe y una visita de los Simpson de la era de Tracey Ullman."
26,Los opuestos se frack-traen,2 nov. 2014,6.2,765,Una legisladora convocada por Lisa para detener la operación de fracking del señor Burns termina enamorándose de él tanto como él de ella.
26,Simpsorama,9 nov. 2014,7.9,1584,"Los Simpson conocen a la tripulación de Planet Express, que llega al Springfield del presente para impedir que destruyan el futuro."
26,Ardido y confundido,16 nov. 2014,6.8,828,Bart engaña a su familia para llevarla de campamento a un extraño evento llamado «Blazing Guy» con el objetivo de vengarse de su nuevo y sádico maestro de cuarto grado.
26,Covercraft,23 nov. 2014,6.3,763,"Homer forma una banda de covers con otros padres del pueblo cuando empieza a tocar el bajo para enfrentar una crisis de mediana edad, pero el modesto éxito del grupo pronto queda eclipsado por el potencial de Apu como estrella."
26,No estaré en casa para Navidad,7 dic. 2014,6.7,755,Marge echa a Homer de la casa en Navidad después de que él se queda consolando a Moe en Nochebuena en lugar de volver a su hogar.
26,El hombre que vino para ser cena,4 ene. 2015,6.6,951,Una atracción de parque de diversiones lleva a los Simpson al planeta natal de Kang y Kodos.
26,El nuevo amigo de Bart,11 ene. 2015,7.1,809,"Homer es hipnotizado para creer que tiene diez años y queda atrapado en esa edad cuando muere el hipnotizador, por lo que estrecha su vínculo con Bart y se niega a recuperar las responsabilidades de la adultez."
26,El Musk que cayó a la Tierra,25 ene. 2015,5.6,835,"El inventor Elon Musk llega a Springfield y Homer lo inspira con una nueva idea que podría revolucionar la ciudad, pero termina costándole una fortuna al señor Burns."
26,Caminando grande y alto,8 feb. 2015,6.2,707,Marge intenta que Homer baje de peso. Pero él encuentra un grupo de apoyo que lo anima a aceptar su gran tamaño.
26,Mi bella pasajera,15 feb. 2015,6.5,675,"Marge consigue trabajo como conductora para una aplicación de transporte, mientras Moe se ve obligado a trabajar como conserje en la planta nuclear después de que Homer hace quebrar el bar."
26,La guía de la princesa,1 mar. 2015,6.4,683,Moe se enamora de una princesa nigeriana cuyo padre está negociando un acuerdo de uranio con el señor Burns.
26,Policía del cielo,8 mar. 2015,6.6,712,"La congregación, liderada por Marge, se ve obligada a recurrir al juego para reunir dinero y reparar la iglesia, que el jefe Wiggum destruyó con una mochila propulsora que recibió por error."
26,Esperando a Duffman,15 mar. 2015,6.5,682,"Después de que Duffman se retira, Homer gana un reality para convertirse en su reemplazo. Pero su contrato establece que no puede beber cerveza, lo que le da una nueva perspectiva sobre el alcohol."
26,Mamá espía,19 abr. 2015,6.6,638,"Marge decide seguir a Bart a todas partes hasta que confiese haber estado involucrado en un accidente con una excavadora. Mientras tanto, Homer ignora a Ayudante de Santa cuando Ned consigue un nuevo perro."
26,Los niños son todo pelea,26 abr. 2015,6.7,643,La historia de la rivalidad entre Bart y Lisa se cuenta cuando Homer encuentra una vieja película.
26,Vamos a hacer volar a un viejo,3 may. 2015,6.0,652,"Bart empieza a fumar cigarrillos electrónicos para impresionar a Annika, la prima de Milhouse, mientras el resto de la familia conoce la época del Abuelo en la Fuerza Aérea."
26,Bull-E,10 may. 2015,6.5,639,"Bart sufre acoso en un baile escolar, así que Marge consigue que se apruebe una ley contra el bullying, lo que termina llevando a Homer a terapia por acosar a Ned."
26,Hazaña matemática,17 may. 2015,6.8,690,"El jardinero Willie se convierte en entrenador del equipo de matemáticas, y Lisa junto con otros alumnos de la Escuela Primaria de Springfield compiten contra la Primaria de Waverly Hills."
27,El sueño de todo hombre,27 sep. 2015,5.5,982,"Marge decide que finalmente llegó el momento de separarse de Homer y rápidamente sigue adelante con su vida. Homer queda devastado al principio, pero pronto inicia un romance con una mujer más joven."
27,Detective de la parrilla,4 oct. 2015,6.6,807,"Un famoso chef de televisión desafía a Homer a una competencia de barbacoa. Pero antes del concurso, roban la nueva y preciada parrilla de Homer."
27,Sin humo,11 oct. 2015,7.0,792,"Patty y Selma intentan dejar de fumar, pero Patty se muda con los Simpson cuando Selma vuelve al cigarrillo. Mientras tanto, Maggie vive una aventura con algunas criaturas locales."
27,Halloween de terror,18 oct. 2015,7.6,1048,"Los Simpson están orgullosos de ser la casa más decorada festivamente de la cuadra. Pero cuando Lisa queda traumatizada en la Noche de Terror de Krustyland, siente que ya no puede soportar Halloween."
27,La casita del horror XXVI,25 oct. 2015,6.6,839,"Después de matar a Bart, Bob Patiño no sabe qué hacer consigo mismo; Homer despierta con pérdida de memoria a corto plazo; debido a la radiación, Lisa, Bart y Milhouse obtienen superpoderes."
27,Amiga con beneficio,8 nov. 2015,6.6,695,"Lisa hace una nueva amiga en la escuela, Harper, que resulta ser extremadamente rica, mientras Homer se hace amigo del padre de Harper e intenta seguir viviendo a lo grande cuando Lisa decide terminar la amistad."
27,Lisa con una «S»,22 nov. 2015,5.9,696,La leyenda de Broadway Laney Fontaine transforma a Lisa en una niña del espectáculo después de que Homer le hace perder la oportunidad de asistir a un campamento de música.
27,Senderos de gloria,6 dic. 2015,6.8,682,"Lisa intenta restaurar la reputación de una inventora olvidada de Springfield, mientras Bart aprovecha al máximo un diagnóstico que afirma que es sociópata."
27,La vida de Bart,13 dic. 2015,8.4,1567,"Una historia del viaje de Bart desde la juventud hasta la adultez, durante el cual busca constantemente la aprobación de su padre y vive a la sombra de su hermana menor, más exitosa."
27,El código de las chicas,3 ene. 2016,6.5,760,"Cuando Homer pierde su trabajo por una publicación de Marge en redes sociales, empieza a trabajar como lavaplatos en un restaurante griego. Mientras tanto, Lisa crea una aplicación capaz de predecir el efecto de cualquier publicación en las redes sociales."
27,Obstáculos adolescentes causados por leche mutante,10 ene. 2016,6.5,713,"Bart y el director Skinner compiten por el afecto de la nueva maestra de Bart, y un nuevo producto lácteo que Homer compra en el Kwik-E-Mart provoca grandes cambios en Bart y Lisa."
27,Mucho Apu por algo,17 ene. 2016,6.6,668,"El sobrino de Apu introduce grandes cambios cuando se hace cargo del Kwik-E-Mart, y Bart decide que ya no quiere ser malo después de que su última broma se sale de control."
27,El amor está en N2-O2-Ar-CO2-Ne-He-CH4,14 feb. 2016,6.3,624,"El nuevo invento del profesor Frink lo convierte en un conquistador, mientras una nueva pastilla en el Castillo de Retiro de Springfield hace que el Abuelo alucine y reviva sus momentos más felices."
27,Chica de tristeza constante,21 feb. 2016,6.5,722,"Lisa intenta impulsar la carrera de una cantante folk de los Apalaches que vive en la calle, pero Bart le advierte que terminará decepcionándola. Mientras tanto, Homer intenta rescatar al gato, que quedó atrapado dentro de las paredes de la casa."
27,"Lisa, la veterinaria",6 mar. 2016,6.3,645,"Lisa consigue trabajo como asistente de veterinaria, pero pronto deja que las responsabilidades se le suban a la cabeza. Mientras tanto, Marge decide trabajar limpiando escenas del crimen."
27,Las crónicas marcianas de Marge,13 mar. 2016,7.1,689,"Lisa se inscribe para tener la oportunidad de participar en una misión destinada a colonizar Marte dentro de diez años, y la estrategia de Homer de usar psicología inversa para disuadirla termina saliendo mal."
27,La jaula de Burns,3 abr. 2016,6.3,622,"Homer intenta levantarle el ánimo a Smithers encontrándole pareja, y Lisa obtiene el papel principal en la producción escolar de «Casablanca» junto a un nuevo alumno, lo que despierta los celos de Milhouse."
27,Cómo Lisa recuperó a su Marge,10 abr. 2016,6.2,598,"Después de oír a Marge decir que no le gusta su música de jazz, Lisa viaja con ella a Ciudad Capital para recuperar su amistad. Mientras tanto, Bart usa a Maggie como nueva cómplice para sus bromas."
27,Cañón Fland,24 abr. 2016,7.1,672,"Maggie no quiere dormirse, así que Homer le cuenta como historia para dormir la vez que los Simpson y los Flanders fueron juntos al Gran Cañón."
27,Mensajero con amor,8 may. 2016,6.7,582,"Después de prometerle a Marge el viaje de su vida, Homer hace un trato con un agente de viajes: transportar un maletín ultrasecreto a cambio de unas vacaciones familiares con descuento en París."
27,Simprovisado,15 may. 2016,6.3,608,"Mientras intenta superar su miedo a hablar en público, Homer crea un grupo de comedia de improvisación; Marge reconstruye la casa del árbol de Bart."
27,El naranja es el nuevo amarillo,22 may. 2016,6.7,622,"Marge deja que Bart vaya solo al parque porque está demasiado fastidioso, pero termina arrestada por haberlo dejado sin supervisión."
28,El circo fugitivo de Monty Burns,25 sep. 2016,6.0,735,El señor Burns organiza un espectáculo de variedades en el Springfield Bowl.
28,Amigos y familia,2 oct. 2016,6.5,676,Homer encuentra una nueva amiga en una mujer que se comporta igual que él cuando el señor Burns contrata a los otros Simpson para que sean su familia de realidad virtual y vivan con él.
28,El pueblo,9 oct. 2016,7.0,753,Homer lleva a la familia de «vacaciones de odio» a Boston después de descubrir a Bart alentando a un equipo rival de fútbol americano.
28,La casita del horror XXVII,16 oct. 2016,6.9,812,Los niños de Springfield luchan hasta la muerte al estilo de Los juegos del hambre; la amiga imaginaria de Lisa mata a sus amigos reales; Moe recluta a Bart para su grupo secreto de agentes parroquianos.
28,"Confía, pero aclara",23 oct. 2016,6.3,624,Bart y Lisa investigan el nuevo caramelo de Krusty; Marge ayuda a Homer a vestirse para conseguir un ascenso; Kent Brockman lucha por adaptarse al cambiante mundo de los medios.
28,Habrá amigos,6 nov. 2016,6.7,617,"Homer entrena el equipo infantil de lacrosse junto a Kirk Van Houten, quien desaparece antes del partido por el campeonato después de que Homer despotrica diciendo que es un perdedor."
28,Fin de semana salvaje en La Habana,13 nov. 2016,6.2,608,Los Simpson viajan a Cuba para conseguir atención médica barata para el Abuelo cuando el Castillo de Retiro y el hospital de veteranos no logran solucionar sus problemas de salud.
28,Comportamiento de papá,20 nov. 2016,6.6,588,"Homer descubre una aplicación que le facilita la vida, mientras el Abuelo se entera de que volverá a ser padre."
28,El último héroe de la tracción,4 dic. 2016,6.3,552,"Homer queda enyesado tras un accidente laboral, lo que lleva a Marge a recibir atención romántica de una fuente inesperada; Lisa intenta mantener la paz como monitora del autobús."
28,La pesadilla después de Krustmas,11 dic. 2016,5.9,580,Krusty y su hija pasan la Navidad con los Simpson; el reverendo Alegría busca nuevos fieles para aumentar la asistencia a la iglesia; un juguete navideño asusta a Maggie.
28,Cerdo y Burns,8 ene. 2017,6.8,597,"Un libro japonés sobre minimalismo inspira a Marge a adoptar una nueva forma de vida, por lo que los Simpson deben desprenderse de objetos que ya no les generan alegría."
28,El gran Phatsby,15 ene. 2017,6.2,751,El señor Burns intenta revivir sus días de gloria y se cruza con un misterioso magnate de la música.
28,Fatzcarraldo,12 feb. 2017,6.4,571,"Cuando todos los restaurantes de comida rápida de Springfield se vuelven saludables, Homer recurre al último bastión de comida grasosa en busca de consuelo; Lisa debe encontrar una buena noticia cuando la radio escolar corre peligro."
28,El canalla y el sombrero,19 feb. 2017,6.5,562,"Bart arruina por celos el día perfecto de Lisa y empieza a ser perseguido por la manifestación de su conciencia culpable. Se revela que Homer es un maestro del ajedrez, lo que lo ayuda a estrechar lazos con su competitivo padre."
28,Campamento Krustier,5 mar. 2017,6.5,560,"Bart y Lisa regresan a casa después de un incidente traumático en el Campamento Krusty, poniendo fin a los encuentros sexuales de Homer y Marge."
28,22 por 30,12 mar. 2017,6.5,606,"Un falso documental sobre cómo Bart se convirtió en una estrella del básquet de la Escuela Primaria de Springfield, solo para caer víctima de la fama, su propio ego y los planes del mafioso Tony el Gordo."
28,El reloj de un padre,19 mar. 2017,6.9,585,"Mientras Homer y Marge prueban un estilo diferente de crianza con el indomable Bart, el Abuelo le da un reloj especial que se convierte en su brújula moral. Pero Bart lo pierde y hace todo lo posible por recuperarlo."
28,La persecución de la estafa,2 abr. 2017,6.1,601,"El señor Burns abre su propia universidad con fines de lucro y contrata como profesor al completamente incompetente Homer, solo para perderlo frente a un científico loco."
28,Buscando al señor Buenbart,30 abr. 2017,6.8,579,"Bart estrecha lazos con la madre de Skinner gracias al rechazo que ambos sienten por él y descubre que podría ganar mucho dinero haciéndose amigo, a cambio de pago, de otras abuelas solitarias y descontentas de Springfield."
28,Casa Moho,7 may. 2017,6.1,523,El señor Burns apuesta con un viejo amigo que nada puede separar a Homer y Marge. Pero ahí es donde entra Moe.
28,Ciudad Canina,21 may. 2017,6.5,537,"Después de una exitosa campaña por los derechos de los animales, todos los perros de Springfield pueden ir adonde quieran y hacer lo que quieran. La mentalidad de manada aparece rápidamente y los perros imponen su dominio amenazando a las personas."
29,Los Siervosons,1 oct. 2017,6.7,915,"En un mundo medieval, Lisa se ve obligada a usar magia ilegal cuando la madre de Marge es transformada en una Caminante de Hielo."
29,Esplendor de Springfield,8 oct. 2017,6.5,707,"La triste experiencia de Lisa es adaptada a una novela gráfica, que luego se convierte en un espectáculo de Broadway."
29,El padre de la silbadora,15 oct. 2017,6.1,635,Homer lanza la carrera de Maggie como bebé celebridad gracias a su talento para silbar; Marge es contratada para decorar el burdel de Tony el Gordo.
29,La casita del horror XXVIII,22 oct. 2017,7.1,831,Maggie es poseída por un demonio; Lisa descubre una versión inquietante y perfecta de su familia en un universo alternativo; Homer se canibaliza a sí mismo.
29,"Abuelo, ¿puedes oírme?",5 nov. 2017,6.3,599,El Abuelo consigue un audífono y finalmente escucha lo que todos han estado diciendo sobre él.
29,La vieja alcaldesa azul ya no es lo que era,12 nov. 2017,6.3,607,Marge se postula para alcaldesa y usa a Homer como blanco de sus bromas para ganar apoyo público.
29,Cantando en la pista,19 nov. 2017,6.3,596,Homer vuelve a reunir a su antiguo equipo de bolos y terminan compitiendo contra unos millonarios arrogantes.
29,El opus del señor Lisa,3 dic. 2017,6.8,656,"En el futuro, Lisa escribe un ensayo de admisión a Harvard y recuerda cumpleaños decepcionantes de su pasado que ayudaron a moldearla."
29,Bart desaparecido,10 dic. 2017,7.3,699,"Cuando Bart desaparece, el pueblo organiza una partida de búsqueda para encontrarlo."
29,Tierra de ja-ja,7 ene. 2018,6.5,629,"Lisa se enamora de Brendan, un pianista de jazz que canta; Bart descubre que tiene afinidad con la química."
29,Frink se pone exigente,14 ene. 2018,6.2,557,El señor Burns construye un arca para el fin del mundo después de convencerse de que el mundo se termina; al profesor Frink le encargan determinar quién merece ser salvado.
29,Homer está donde el arte no está,18 mar. 2018,6.6,586,Homer es acusado de robar una pintura valuada en millones de dólares y solo el investigador de seguros independiente Manacek puede demostrar su inocencia o culpabilidad.
29,Tres escenas más un epílogo de un matrimonio,25 mar. 2018,6.6,544,Homer y Marge cuentan cómo pasaron de amar la vida sin hijos a ser padres desdichados.
29,Miedos de un payaso,1 abr. 2018,6.1,508,"Bart va a rehabilitación para bromistas después de que una broma con una máscara de payaso aterroriza al pueblo y arruina la carrera de Krusty, quien abandona la comedia para intentar hacer drama serio."
29,Ninguna buena lectura queda sin castigo,8 abr. 2018,6.4,521,Marge obliga a todos a abandonar sus dispositivos electrónicos e ir a la librería en un intento por unir a la familia.
29,Rey Leer,15 abr. 2018,6.3,489,Homer y Marge intentan reunir a Moe con su problemática familia.
29,Lisa tiene el blues,22 abr. 2018,6.8,568,"El vuelo de los Simpson a Gainesville es desviado a Nueva Orleans, donde Lisa debe recuperar su confianza como música de jazz."
29,Perdonar y lamentar,29 abr. 2018,7.0,553,"En su lecho de muerte, el Abuelo le confiesa a Homer algo sobre las notas de su madre que se perdieron cuando ella se fue. Homer se enfurece hasta el punto de negarse a reconciliarse con Abe después de que este se recupera milagrosamente."
29,Dejado atrás,6 may. 2018,6.6,522,Homer consigue que Flanders obtenga un trabajo en la planta nuclear; Marge siente que ya no queda chispa en su matrimonio.
29,Arrojen al Abuelo desde Dinamarca,13 may. 2018,6.7,578,Los Simpson viajan a Dinamarca para que el Abuelo pueda beneficiarse de su sistema de salud gratuito.
29,La escalera de Flanders,20 may. 2018,7.6,776,"Cuando Bart entra en coma después de ser alcanzado por un rayo, recibe la visita de fantasmas que buscan cerrar asuntos pendientes."
30,Bart no está muerto,30 sep. 2018,6.2,735,"Bart termina en el hospital después de aceptar un desafío y miente diciendo que fue al cielo para ocultarlo, pero Homer acepta un trato con productores cristianos para hacer una película sobre la historia."
30,Hotel Corazón Roto,7 oct. 2018,6.1,640,Marge y Homer viajan a una isla tropical y participan en el reality de competencia favorito de Marge para intentar ganar un millón de dólares.
30,A mi manera o la autopista al cielo,14 oct. 2018,6.1,611,"Mientras Dios y San Pedro discuten quién entrará al cielo, los habitantes de Springfield recuerdan encuentros divinos."
30,La casita del horror XXIX,21 oct. 2018,5.9,656,Homer gana una competencia de comer ostras contra el mítico Cthulhu; Springfield es invadida por plantas que reemplazan cuerpos; Lisa finalmente pierde el control; y el señor Burns abre un hogar de ancianos con algunas mejoras jurásicas.
30,"Bebé, no puedes conducir mi auto",4 nov. 2018,7.0,562,Una empresa de autos autónomos llega a Springfield y se lleva a todos los empleados de la planta nuclear gracias a su divertido ambiente de trabajo.
30,Desde Rusia sin amor,11 nov. 2018,6.5,533,"Bart, Nelson y Milhouse consiguen una novia por correspondencia para Moe como una broma pesada."
30,Mamá trabajadora,18 nov. 2018,5.6,623,"En busca de empleo, Marge consigue trabajo vendiendo recipientes plásticos para alimentos, como drag queen; Lisa intenta mejorar el mundo."
30,Krusty el Payaso,25 nov. 2018,6.4,510,"Krusty se esconde en un circo después de casi matar a Homer, quien se convierte en comentarista de televisión y le da una mala calificación."
30,Papáicus Finch,2 dic. 2018,6.7,507,"Bart se siente ignorado cuando Homer y Lisa estrechan su vínculo gracias a «Matar a un ruiseñor» y empiezan a pasar tiempo juntos, así que Marge intenta ayudar a Homer a repartir mejor su atención entre los niños."
30,Esta es la 30.ª temporada,9 dic. 2018,6.7,507,"Marge está decidida a arreglar la Navidad después de una fallida jornada de compras de Black Friday, pero Homer y los niños la sorprenden con unas vacaciones en Florida."
30,Loco por el juguete,6 ene. 2019,5.5,595,"Motivados por un episodio de estrés postraumático que sufrió el Abuelo mientras cuidaba a los niños, los Simpson viajan al pasado de Abe como modelo de juguetes para soldaditos de plástico después de la Segunda Guerra Mundial, y finalmente él enfrenta su propia confusión sexual."
30,La chica del autobús,13 ene. 2019,6.2,540,Lisa intenta llevar una doble vida cuando hace una nueva amiga y prueba cómo sería vivir con una familia más culta.
30,Bailo tan gordo como puedo,10 feb. 2019,6.9,500,Homer intenta compensar a Marge por haberse dado un atracón con la serie favorita de ambos sin ella; Bart se prepara para «La estampida navideña de Krusty».
30,El payaso permanece en la película,17 feb. 2019,6.1,458,"En el podcast de Marc Maron, Krusty revela la historia nunca contada de su antiguo proyecto cinematográfico, «Las arenas del espacio». Al escuchar el podcast, Bart y Lisa descubren que sus padres fueron asistentes de producción en la película durante los primeros tiempos de su relación."
30,101 atenuantes,3 mar. 2019,6.4,427,Homer roba el auto del Hombre de las Historietas y debe demostrar su inocencia ante el tribunal o reconciliarse con él.
30,Te quiero (ella pesa tanto),10 mar. 2019,5.7,442,"Cuando una noche romántica termina con Homer y Marge lesionados, Lisa recurre a una fuente inesperada para reparar la relación deteriorada de sus padres."
30,E-mis deportes,17 mar. 2019,6.3,480,Homer descubre una pasión por entrenar a Bart en competencias de videojuegos; el plan de Lisa para devolver a Homer a la realidad genera caos.
30,Bart contra Tomy y Daly,24 mar. 2019,4.5,931,"Los amigos de Bart crean un grupo activista por los derechos de los varones para protestar contra el reinicio exclusivamente femenino de Tomy y Daly de Krusty. Cuando descubren a Bart disfrutándolo, lo expulsan, así que él se une a Bossy Riot, una pandilla feminista militante de chicas de sexto grado."
30,La chica está en la banda,31 mar. 2019,6.2,471,Homer trabaja turnos extra en la planta para que Lisa pueda tocar en la Filarmónica Juvenil de Ciudad Capital.
30,Solo soy una chica que no puede decir d'oh,7 abr. 2019,5.2,466,"Marge se convierte en directora del teatro local de Springfield, equipada con un guion de Lisa parecido a «Hamilton»; Homer se une con Maggie a una clase para bebés y empieza a sentirse atraído por la supervisora Chloe."
30,D'oh Canadá,28 abr. 2019,5.2,560,Lisa recibe por error asilo político en Canadá durante un viaje familiar a las cataratas del Niágara.
30,¿Woo-Hoo lo hizo?,5 may. 2019,5.9,463,La serie documental de crímenes «Dateline: Springfield» investiga en profundidad el caso del fondo universitario desaparecido de Lisa.
30,Persuasión de cabello azul cristal,12 may. 2019,5.8,434,"Marge inicia un negocio vendiendo cristales curativos y otros productos de la Nueva Era a las ingenuas madres de Springfield cuando los recortes laborales de Homer eliminan los beneficios de atención médica infantil, lo que lleva a Marge a usar los cristales como alternativa más barata para el TDA de Bart."
31,El invierno de nuestro contenido monetizado,29 sep. 2019,5.7,594,Bart y Homer se convierten en celebridades de las redes sociales cuando un video de ambos peleando se vuelve viral; Lisa lucha contra el nuevo sistema industrializado de castigos de la escuela.
31,"Ve a lo grande o vete, Homer",6 oct. 2019,5.8,511,"Homer inspira a un millennial de 35 años que lo idolatra a iniciar su propio negocio, lo que termina provocando que la mafia persiga a ambos."
31,La línea azul y gorda,13 oct. 2019,6.5,442,"Cuando arrestan al hombre equivocado por robar billeteras en Springfield durante el festival callejero de San Castellaneta, el jefe Wiggum se propone atrapar al verdadero delincuente."
31,La casita del horror XXX,20 oct. 2019,6.9,550,"La 30.ª Casita del Horror incluye a Maggie poseída por un demonio, una misión para rescatar a Milhouse de otra dimensión, el espíritu del difunto Homer probándose nuevos cuerpos y Selma encontrando finalmente el amor en un lugar inesperado: el extraterrestre del sótano."
31,Gorilas en el mástil,3 nov. 2019,6.1,404,"Después de visitar el parque acuático Aquatraz, Lisa y Bart se proponen liberar del cautiverio a los animales más feroces de Springfield. Homer cumple el sueño de toda su vida y compra un barco, solo para descubrir lo horrible que puede ser tener uno."
31,Marge la leñadora,10 nov. 2019,5.2,477,"Marge se convierte en leñadora competitiva y se va un mes a Portland con su entrenadora, a quien Homer teme que le quite a su esposa."
31,Viviendo la pura vida,17 nov. 2019,6.2,438,"Los Simpson se unen a otras familias de Springfield en el viaje anual de los Van Houten a Costa Rica, donde Homer se hace amigo de la nueva novia de Patty y Lisa descubre cómo los Van Houten pueden pagar esas vacaciones todos los años."
31,Día de Acción de Gracias del horror,24 nov. 2019,7.3,529,"Los Simpson enfrentan varias pesadillas de Acción de Gracias, entre ellas el primer Día de Acción de Gracias, un accidente con inteligencia artificial y una peligrosa misión espacial complicada por una salsa de arándanos consciente."
31,"Todd, Todd, ¿por qué me has abandonado?",1 dic. 2019,6.4,487,"Todd culpa a Dios por la muerte de su madre y rechaza su fe, así que Ned lo envía a vivir con los Simpson con la esperanza de que logren asustarlo para que vuelva a creer en Dios."
31,"Bobby, hace frío afuera",15 dic. 2019,6.6,356,"Bob Patiño consigue el papel de Santa Claus en el parque de diversiones Aldea de Santa. Mientras tanto, alguien está robando todos los paquetes navideños de los porches de las casas."
31,Salve a los dientes,5 ene. 2020,6.0,317,Homer y Marge asisten a la boda de Artie Ziff y se sienten muy incómodos cuando descubren que su futura esposa es un clon de Marge.
31,La mala educación de Lisa Simpson,16 feb. 2020,6.5,317,"El capitán de mar encuentra el tesoro que buscó durante 40 años, pero el ayuntamiento lo reclama porque estaba dentro de los límites de la ciudad. Marge convence a los habitantes de usar el dinero inesperado para construir una escuela STEM. Homer inicia una cruzada contra la automatización."
31,Frinkcoin,23 feb. 2020,5.9,288,"El profesor Frink inventa una criptomoneda que lo convierte en el hombre más rico de Springfield, un título que el señor Burns no tiene intención de ceder."
31,"Bart, el chico malo",1 mar. 2020,7.3,386,"Bart usa spoilers de una película de superhéroes que vio para conseguir lo que quiere, pero dos ejecutivos del estudio harán lo que sea para mantener en secreto lo que sabe."
31,Sin pantallas,8 mar. 2020,6.5,291,"Marge impone un límite de tiempo frente a las pantallas para toda la familia, solo para descubrir que ella es la adicta."
31,Mejor con Ned,15 mar. 2020,6.5,276,"Celoso del vínculo entre Bart y Ned, Homer empieza a orientar a Nelson como represalia, pero un acto heroico ayuda a Homer a recuperar el respeto de Bart."
31,Autopista al bienestar,22 mar. 2020,6.9,318,"Marge consigue trabajo en un dispensario de cannabis de lujo, lo que lleva a Homer a abrir un negocio rival que recrea los sórdidos viejos tiempos de conseguir marihuana mediante un vendedor de la vieja escuela."
31,La increíble ligereza de ser un bebé,19 abr. 2020,6.2,265,"Maggie se reencuentra con el bebé Hudson, pero Marge no simpatiza demasiado con su madre. Homer se hace amigo de Cletus Spuckler, quien acaba de descubrir una enorme reserva subterránea de helio en su propiedad, atrayendo la atención no deseada del señor Burns."
31,Sacerdotes en guerra,26 abr. 2020,6.0,332,El reverendo Alegría investiga el misterioso pasado de un nuevo sacerdote que llegó al pueblo y revolucionó la iglesia.
31,"Sacerdotes en guerra, parte 2",3 may. 2020,5.7,296,"En Michigan, el reverendo Alegría descubre la verdadera razón por la que Bode llegó a Springfield y la congregación debe decidir si expulsa a su nuevo sacerdote."
31,Las odiosas niñas de ocho años,10 may. 2020,6.7,277,Lisa se une a un grupo de chicas ricas cuando hace una amiga a la que le encantan los caballos; Homer lleva a Marge a un crucero romántico.
31,El camino del perro,17 may. 2020,7.4,288,Los Simpson exploran el trágico pasado de Ayudante de Santa después de que muerde a Marge.
32,Episodio n.º 32.1,27 sep. 2020,,,¿Sabes de qué se trata? Sé la primera persona en agregar una trama.
